2026-01-31T23:26:33.339Z - SUSPICIOUS: ::1 -> /api/ip-ban - Reason: RATE_LIMIT_EXCEEDED
2026-01-31T23:26:33.401Z - SUSPICIOUS: ::1 -> /api/admin/log-request - Reason: RATE_LIMIT_EXCEEDED
2026-01-31T23:26:34.097Z - SUSPICIOUS: ::1 -> /api/admin/suspicious-activity - Reason: RATE_LIMIT_EXCEEDED
2026-01-31T23:26:34.129Z - SUSPICIOUS: ::1 -> /api/admin/log-request - Reason: RATE_LIMIT_EXCEEDED
2026-01-31T23:26:34.688Z - SUSPICIOUS: ::1 -> /api/admin/suspicious-activity - Reason: RATE_LIMIT_EXCEEDED
2026-01-31T23:26:34.673Z - SUSPICIOUS: ::1 -> /api/admin/suspicious-activity - Reason: RATE_LIMIT_EXCEEDED
2026-01-31T23:26:35.138Z - SUSPICIOUS: ::1 -> /api/admin/suspicious-activity - Reason: RATE_LIMIT_EXCEEDED
2026-01-31T23:26:35.362Z - SUSPICIOUS: ::1 -> /api/admin/suspicious-activity - Reason: RATE_LIMIT_EXCEEDED
2026-01-31T23:26:35.204Z - SUSPICIOUS: ::1 -> /api/admin/suspicious-activity - Reason: RATE_LIMIT_EXCEEDED
2026-01-31T23:26:35.399Z - SUSPICIOUS: ::1 -> /api/admin/suspicious-activity - Reason: RATE_LIMIT_EXCEEDED
2026-01-31T23:26:36.538Z - SUSPICIOUS: ::1 -> /api/admin/suspicious-activity - Reason: RATE_LIMIT_EXCEEDED
2026-01-31T23:26:36.611Z - SUSPICIOUS: ::1 -> /api/admin/suspicious-activity - Reason: RATE_LIMIT_EXCEEDED
2026-01-31T23:26:45.071Z - SUSPICIOUS: ::1 -> /api/admin/log-request - Reason: RATE_LIMIT_EXCEEDED
2026-01-31T23:26:45.090Z - SUSPICIOUS: ::1 -> /api/admin/suspicious-activity - Reason: RATE_LIMIT_EXCEEDED
2026-01-31T23:26:45.557Z - SUSPICIOUS: ::1 -> /api/admin/log-request - Reason: RATE_LIMIT_EXCEEDED
2026-01-31T23:26:45.883Z - SUSPICIOUS: ::1 -> /api/admin/suspicious-activity - Reason: RATE_LIMIT_EXCEEDED
2026-01-31T23:26:46.480Z - SUSPICIOUS: ::1 -> /api/admin/suspicious-activity - Reason: RATE_LIMIT_EXCEEDED
2026-01-31T23:26:46.515Z - SUSPICIOUS: ::1 -> /api/admin/suspicious-activity - Reason: RATE_LIMIT_EXCEEDED
2026-01-31T23:26:51.083Z - SUSPICIOUS: ::1 -> /api/admin/suspicious-activity - Reason: RATE_LIMIT_EXCEEDED
2026-01-31T23:26:51.101Z - SUSPICIOUS: ::1 -> /api/admin/suspicious-activity - Reason: RATE_LIMIT_EXCEEDED
2026-01-31T23:26:51.318Z - SUSPICIOUS: ::1 -> /api/admin/suspicious-activity - Reason: RATE_LIMIT_EXCEEDED
2026-01-31T23:26:51.347Z - SUSPICIOUS: ::1 -> /api/admin/suspicious-activity - Reason: RATE_LIMIT_EXCEEDED
2026-01-31T23:26:51.515Z - SUSPICIOUS: ::1 -> /api/admin/suspicious-activity - Reason: RATE_LIMIT_EXCEEDED
2026-01-31T23:26:51.541Z - SUSPICIOUS: ::1 -> /api/admin/suspicious-activity - Reason: RATE_LIMIT_EXCEEDED
2026-01-31T23:26:51.740Z - SUSPICIOUS: ::1 -> /api/admin/suspicious-activity - Reason: RATE_LIMIT_EXCEEDED
2026-01-31T23:26:51.774Z - SUSPICIOUS: ::1 -> /api/admin/suspicious-activity - Reason: RATE_LIMIT_EXCEEDED
2026-01-31T23:26:51.927Z - SUSPICIOUS: ::1 -> /api/admin/suspicious-activity - Reason: RATE_LIMIT_EXCEEDED
2026-01-31T23:26:51.963Z - SUSPICIOUS: ::1 -> /api/admin/suspicious-activity - Reason: RATE_LIMIT_EXCEEDED
2026-01-31T23:26:52.125Z - SUSPICIOUS: ::1 -> /api/admin/suspicious-activity - Reason: RATE_LIMIT_EXCEEDED
2026-01-31T23:26:52.186Z - SUSPICIOUS: ::1 -> /api/admin/suspicious-activity - Reason: RATE_LIMIT_EXCEEDED
2026-01-31T23:26:52.353Z - SUSPICIOUS: ::1 -> /api/admin/suspicious-activity - Reason: RATE_LIMIT_EXCEEDED
2026-01-31T23:26:52.406Z - SUSPICIOUS: ::1 -> /api/admin/suspicious-activity - Reason: RATE_LIMIT_EXCEEDED
2026-01-31T23:26:52.557Z - SUSPICIOUS: ::1 -> /api/admin/suspicious-activity - Reason: RATE_LIMIT_EXCEEDED
2026-01-31T23:26:52.608Z - SUSPICIOUS: ::1 -> /api/admin/suspicious-activity - Reason: RATE_LIMIT_EXCEEDED
2026-01-31T23:26:52.800Z - SUSPICIOUS: ::1 -> /api/admin/suspicious-activity - Reason: RATE_LIMIT_EXCEEDED
2026-01-31T23:26:52.949Z - SUSPICIOUS: ::1 -> /api/admin/suspicious-activity - Reason: RATE_LIMIT_EXCEEDED
2026-01-31T23:26:53.120Z - SUSPICIOUS: ::1 -> /api/admin/suspicious-activity - Reason: RATE_LIMIT_EXCEEDED
2026-01-31T23:26:53.281Z - SUSPICIOUS: ::1 -> /api/admin/suspicious-activity - Reason: RATE_LIMIT_EXCEEDED
2026-01-31T23:26:53.677Z - SUSPICIOUS: ::1 -> /api/admin/suspicious-activity - Reason: RATE_LIMIT_EXCEEDED
2026-01-31T23:26:53.716Z - SUSPICIOUS: ::1 -> /api/admin/suspicious-activity - Reason: RATE_LIMIT_EXCEEDED
2026-01-31T23:26:53.994Z - SUSPICIOUS: ::1 -> /api/admin/suspicious-activity - Reason: RATE_LIMIT_EXCEEDED
2026-01-31T23:26:54.031Z - SUSPICIOUS: ::1 -> /api/admin/suspicious-activity - Reason: RATE_LIMIT_EXCEEDED
2026-01-31T23:26:54.198Z - SUSPICIOUS: ::1 -> /api/admin/suspicious-activity - Reason: RATE_LIMIT_EXCEEDED
2026-01-31T23:26:54.259Z - SUSPICIOUS: ::1 -> /api/admin/suspicious-activity - Reason: RATE_LIMIT_EXCEEDED
2026-01-31T23:26:54.415Z - SUSPICIOUS: ::1 -> /api/admin/suspicious-activity - Reason: RATE_LIMIT_EXCEEDED
2026-01-31T23:26:54.501Z - SUSPICIOUS: ::1 -> /api/admin/log-request - Reason: RATE_LIMIT_EXCEEDED
2026-01-31T23:26:54.505Z - SUSPICIOUS: ::1 -> /api/admin/suspicious-activity - Reason: RATE_LIMIT_EXCEEDED
2026-01-31T23:26:54.548Z - SUSPICIOUS: ::1 -> /api/admin/suspicious-activity - Reason: RATE_LIMIT_EXCEEDED
2026-01-31T23:26:54.798Z - SUSPICIOUS: ::1 -> /api/admin/log-request - Reason: RATE_LIMIT_EXCEEDED
2026-01-31T23:26:55.011Z - SUSPICIOUS: ::1 -> /api/admin/suspicious-activity - Reason: RATE_LIMIT_EXCEEDED
2026-01-31T23:26:55.062Z - SUSPICIOUS: ::1 -> /api/admin/suspicious-activity - Reason: RATE_LIMIT_EXCEEDED
2026-01-31T23:26:55.226Z - SUSPICIOUS: ::1 -> /api/admin/suspicious-activity - Reason: RATE_LIMIT_EXCEEDED
2026-01-31T23:26:55.283Z - SUSPICIOUS: ::1 -> /api/admin/suspicious-activity - Reason: RATE_LIMIT_EXCEEDED
2026-01-31T23:26:55.489Z - SUSPICIOUS: ::1 -> /api/admin/suspicious-activity - Reason: RATE_LIMIT_EXCEEDED
2026-01-31T23:26:55.532Z - SUSPICIOUS: ::1 -> /api/admin/suspicious-activity - Reason: RATE_LIMIT_EXCEEDED
2026-01-31T23:26:55.732Z - SUSPICIOUS: ::1 -> /api/admin/suspicious-activity - Reason: RATE_LIMIT_EXCEEDED
2026-01-31T23:26:55.757Z - SUSPICIOUS: ::1 -> /api/admin/suspicious-activity - Reason: RATE_LIMIT_EXCEEDED
2026-01-31T23:26:56.116Z - SUSPICIOUS: ::1 -> /api/admin/suspicious-activity - Reason: RATE_LIMIT_EXCEEDED
2026-01-31T23:26:56.154Z - SUSPICIOUS: ::1 -> /api/admin/suspicious-activity - Reason: RATE_LIMIT_EXCEEDED
2026-01-31T23:26:56.222Z - SUSPICIOUS: ::1 -> /api/admin/suspicious-activity - Reason: RATE_LIMIT_EXCEEDED
2026-01-31T23:26:56.398Z - SUSPICIOUS: ::1 -> /api/admin/suspicious-activity - Reason: RATE_LIMIT_EXCEEDED
2026-01-31T23:26:56.490Z - SUSPICIOUS: ::1 -> /api/admin/suspicious-activity - Reason: RATE_LIMIT_EXCEEDED
2026-01-31T23:26:56.565Z - SUSPICIOUS: ::1 -> /api/admin/suspicious-activity - Reason: RATE_LIMIT_EXCEEDED
2026-01-31T23:26:56.656Z - SUSPICIOUS: ::1 -> /api/admin/suspicious-activity - Reason: RATE_LIMIT_EXCEEDED
2026-01-31T23:26:56.854Z - SUSPICIOUS: ::1 -> /api/admin/suspicious-activity - Reason: RATE_LIMIT_EXCEEDED
2026-01-31T23:26:56.870Z - SUSPICIOUS: ::1 -> /api/admin/suspicious-activity - Reason: RATE_LIMIT_EXCEEDED
2026-01-31T23:26:56.955Z - SUSPICIOUS: ::1 -> /api/admin/suspicious-activity - Reason: RATE_LIMIT_EXCEEDED
2026-01-31T23:26:57.081Z - SUSPICIOUS: ::1 -> /api/admin/suspicious-activity - Reason: RATE_LIMIT_EXCEEDED
2026-01-31T23:26:57.068Z - SUSPICIOUS: ::1 -> /api/admin/suspicious-activity - Reason: RATE_LIMIT_EXCEEDED
2026-01-31T23:26:57.121Z - SUSPICIOUS: ::1 -> /api/admin/suspicious-activity - Reason: RATE_LIMIT_EXCEEDED
2026-01-31T23:26:57.169Z - SUSPICIOUS: ::1 -> /api/admin/suspicious-activity - Reason: RATE_LIMIT_EXCEEDED
2026-01-31T23:26:57.173Z - SUSPICIOUS: ::1 -> /api/admin/suspicious-activity - Reason: RATE_LIMIT_EXCEEDED
2026-01-31T23:26:57.260Z - SUSPICIOUS: ::1 -> /api/admin/suspicious-activity - Reason: RATE_LIMIT_EXCEEDED
2026-01-31T23:26:57.692Z - SUSPICIOUS: ::1 -> /api/admin/suspicious-activity - Reason: RATE_LIMIT_EXCEEDED
2026-01-31T23:26:58.161Z - SUSPICIOUS: ::1 -> /api/admin/suspicious-activity - Reason: RATE_LIMIT_EXCEEDED
2026-01-31T23:26:58.251Z - SUSPICIOUS: ::1 -> /api/admin/suspicious-activity - Reason: RATE_LIMIT_EXCEEDED
2026-01-31T23:26:58.551Z - SUSPICIOUS: ::1 -> /api/admin/suspicious-activity - Reason: RATE_LIMIT_EXCEEDED
2026-01-31T23:27:01.329Z - SUSPICIOUS: ::1 -> /api/admin/suspicious-activity - Reason: RATE_LIMIT_EXCEEDED
2026-01-31T23:31:13.805Z - SUSPICIOUS: ::1 -> /api/admin/suspicious-activity - Reason: RATE_LIMIT_EXCEEDED
2026-01-31T23:31:13.873Z - SUSPICIOUS: ::1 -> /api/admin/suspicious-activity - Reason: RATE_LIMIT_EXCEEDED
2026-01-31T23:31:13.908Z - SUSPICIOUS: ::1 -> /api/admin/suspicious-activity - Reason: RATE_LIMIT_EXCEEDED
2026-01-31T23:31:14.354Z - SUSPICIOUS: ::1 -> /api/admin/suspicious-activity - Reason: RATE_LIMIT_EXCEEDED
2026-01-31T23:31:14.377Z - SUSPICIOUS: ::1 -> /api/admin/suspicious-activity - Reason: RATE_LIMIT_EXCEEDED
2026-01-31T23:31:14.478Z - SUSPICIOUS: ::1 -> /api/admin/log-request - Reason: RATE_LIMIT_EXCEEDED
2026-01-31T23:31:23.246Z - SUSPICIOUS: ::1 -> /api/admin/log-request - Reason: RATE_LIMIT_EXCEEDED
2026-01-31T23:31:23.268Z - SUSPICIOUS: ::1 -> /api/admin/suspicious-activity - Reason: RATE_LIMIT_EXCEEDED
2026-01-31T23:31:23.763Z - SUSPICIOUS: ::1 -> /api/admin/log-request - Reason: RATE_LIMIT_EXCEEDED
2026-01-31T23:31:23.786Z - SUSPICIOUS: ::1 -> /api/admin/suspicious-activity - Reason: RATE_LIMIT_EXCEEDED
2026-01-31T23:31:23.746Z - SUSPICIOUS: ::1 -> /api/admin/suspicious-activity - Reason: RATE_LIMIT_EXCEEDED
2026-01-31T23:31:24.184Z - SUSPICIOUS: ::1 -> /api/admin/suspicious-activity - Reason: RATE_LIMIT_EXCEEDED
2026-01-31T23:31:28.665Z - SUSPICIOUS: ::1 -> /api/admin/suspicious-activity - Reason: RATE_LIMIT_EXCEEDED
2026-01-31T23:31:28.730Z - SUSPICIOUS: ::1 -> /api/admin/suspicious-activity - Reason: RATE_LIMIT_EXCEEDED
2026-01-31T23:31:28.876Z - SUSPICIOUS: ::1 -> /api/admin/suspicious-activity - Reason: RATE_LIMIT_EXCEEDED
2026-01-31T23:31:28.885Z - SUSPICIOUS: ::1 -> /api/admin/suspicious-activity - Reason: RATE_LIMIT_EXCEEDED
2026-01-31T23:31:29.471Z - SUSPICIOUS: ::1 -> /api/admin/suspicious-activity - Reason: RATE_LIMIT_EXCEEDED
2026-01-31T23:31:29.511Z - SUSPICIOUS: ::1 -> /api/admin/suspicious-activity - Reason: RATE_LIMIT_EXCEEDED
2026-01-31T23:31:32.908Z - SUSPICIOUS: ::1 -> /api/ip-ban - Reason: RATE_LIMIT_EXCEEDED
2026-01-31T23:31:32.945Z - SUSPICIOUS: ::1 -> /api/admin/log-request - Reason: RATE_LIMIT_EXCEEDED
2026-01-31T23:31:33.203Z - SUSPICIOUS: ::1 -> /api/admin/suspicious-activity - Reason: RATE_LIMIT_EXCEEDED
2026-01-31T23:31:33.939Z - SUSPICIOUS: ::1 -> /api/admin/suspicious-activity - Reason: RATE_LIMIT_EXCEEDED
2026-01-31T23:31:34.059Z - SUSPICIOUS: ::1 -> /api/admin/log-request - Reason: RATE_LIMIT_EXCEEDED
2026-01-31T23:31:34.277Z - SUSPICIOUS: ::1 -> /api/admin/suspicious-activity - Reason: RATE_LIMIT_EXCEEDED
2026-01-31T23:31:34.728Z - SUSPICIOUS: ::1 -> /api/admin/suspicious-activity - Reason: RATE_LIMIT_EXCEEDED
2026-01-31T23:31:34.958Z - SUSPICIOUS: ::1 -> /api/admin/suspicious-activity - Reason: RATE_LIMIT_EXCEEDED
2026-01-31T23:31:34.996Z - SUSPICIOUS: ::1 -> /api/admin/suspicious-activity - Reason: RATE_LIMIT_EXCEEDED
2026-01-31T23:31:35.188Z - SUSPICIOUS: ::1 -> /api/admin/suspicious-activity - Reason: RATE_LIMIT_EXCEEDED
2026-01-31T23:32:45.642Z - SUSPICIOUS: ::1 -> /api/admin/suspicious-activity - Reason: RATE_LIMIT_EXCEEDED
2026-01-31T23:32:45.701Z - SUSPICIOUS: ::1 -> /api/admin/suspicious-activity - Reason: RATE_LIMIT_EXCEEDED
2026-01-31T23:32:45.733Z - SUSPICIOUS: ::1 -> /api/admin/suspicious-activity - Reason: RATE_LIMIT_EXCEEDED
2026-01-31T23:32:46.231Z - SUSPICIOUS: ::1 -> /api/admin/suspicious-activity - Reason: RATE_LIMIT_EXCEEDED
2026-01-31T23:32:46.275Z - SUSPICIOUS: ::1 -> /api/admin/suspicious-activity - Reason: RATE_LIMIT_EXCEEDED
2026-01-31T23:32:46.320Z - SUSPICIOUS: ::1 -> /api/admin/log-request - Reason: RATE_LIMIT_EXCEEDED
2026-01-31T23:32:52.688Z - SUSPICIOUS: ::1 -> /api/admin/suspicious-activity - Reason: RATE_LIMIT_EXCEEDED
2026-01-31T23:32:52.698Z - SUSPICIOUS: ::1 -> /api/admin/log-request - Reason: RATE_LIMIT_EXCEEDED
2026-01-31T23:32:54.528Z - SUSPICIOUS: ::1 -> /api/admin/suspicious-activity - Reason: RATE_LIMIT_EXCEEDED
2026-01-31T23:32:54.627Z - SUSPICIOUS: ::1 -> /api/admin/suspicious-activity - Reason: RATE_LIMIT_EXCEEDED
2026-01-31T23:32:55.259Z - SUSPICIOUS: ::1 -> /api/admin/suspicious-activity - Reason: RATE_LIMIT_EXCEEDED
2026-01-31T23:32:55.607Z - SUSPICIOUS: ::1 -> /api/admin/log-request - Reason: RATE_LIMIT_EXCEEDED
2026-01-31T23:33:00.729Z - SUSPICIOUS: ::1 -> /api/admin/suspicious-activity - Reason: RATE_LIMIT_EXCEEDED
2026-01-31T23:33:00.737Z - SUSPICIOUS: ::1 -> /api/admin/suspicious-activity - Reason: RATE_LIMIT_EXCEEDED
2026-01-31T23:33:00.921Z - SUSPICIOUS: ::1 -> /api/admin/suspicious-activity - Reason: RATE_LIMIT_EXCEEDED
2026-01-31T23:33:00.932Z - SUSPICIOUS: ::1 -> /api/admin/suspicious-activity - Reason: RATE_LIMIT_EXCEEDED
2026-01-31T23:33:04.641Z - SUSPICIOUS: ::1 -> /api/admin/suspicious-activity - Reason: RATE_LIMIT_EXCEEDED
2026-01-31T23:33:04.936Z - SUSPICIOUS: ::1 -> /api/admin/suspicious-activity - Reason: RATE_LIMIT_EXCEEDED
2026-01-31T23:33:05.061Z - SUSPICIOUS: ::1 -> /api/admin/suspicious-activity - Reason: RATE_LIMIT_EXCEEDED
2026-01-31T23:33:05.804Z - SUSPICIOUS: ::1 -> /api/admin/suspicious-activity - Reason: RATE_LIMIT_EXCEEDED
2026-01-31T23:33:06.031Z - SUSPICIOUS: ::1 -> /api/admin/suspicious-activity - Reason: RATE_LIMIT_EXCEEDED
2026-01-31T23:33:06.583Z - SUSPICIOUS: ::1 -> /api/admin/suspicious-activity - Reason: RATE_LIMIT_EXCEEDED
2026-01-31T23:33:06.740Z - SUSPICIOUS: ::1 -> /api/admin/suspicious-activity - Reason: RATE_LIMIT_EXCEEDED
2026-01-31T23:33:07.145Z - SUSPICIOUS: ::1 -> /api/admin/suspicious-activity - Reason: RATE_LIMIT_EXCEEDED
2026-01-31T23:33:07.583Z - SUSPICIOUS: ::1 -> /api/admin/suspicious-activity - Reason: RATE_LIMIT_EXCEEDED
2026-01-31T23:33:07.627Z - SUSPICIOUS: ::1 -> /api/admin/suspicious-activity - Reason: RATE_LIMIT_EXCEEDED
2026-01-31T23:33:47.540Z - SUSPICIOUS: ::1 -> /api/admin/suspicious-activity - Reason: RATE_LIMIT_EXCEEDED
2026-01-31T23:33:47.582Z - SUSPICIOUS: ::1 -> /api/admin/suspicious-activity - Reason: RATE_LIMIT_EXCEEDED
2026-01-31T23:33:47.642Z - SUSPICIOUS: ::1 -> /api/admin/suspicious-activity - Reason: RATE_LIMIT_EXCEEDED
2026-01-31T23:33:48.041Z - SUSPICIOUS: ::1 -> /api/admin/log-request - Reason: RATE_LIMIT_EXCEEDED
2026-01-31T23:33:48.130Z - SUSPICIOUS: ::1 -> /api/admin/suspicious-activity - Reason: RATE_LIMIT_EXCEEDED
2026-01-31T23:33:48.169Z - SUSPICIOUS: ::1 -> /api/admin/suspicious-activity - Reason: RATE_LIMIT_EXCEEDED
2026-01-31T23:33:54.608Z - SUSPICIOUS: ::1 -> /api/admin/suspicious-activity - Reason: RATE_LIMIT_EXCEEDED
2026-01-31T23:33:54.624Z - SUSPICIOUS: ::1 -> /api/admin/suspicious-activity - Reason: RATE_LIMIT_EXCEEDED
2026-01-31T23:33:57.776Z - SUSPICIOUS: ::1 -> /api/admin/suspicious-activity - Reason: RATE_LIMIT_EXCEEDED
2026-01-31T23:33:57.964Z - SUSPICIOUS: ::1 -> /api/admin/suspicious-activity - Reason: RATE_LIMIT_EXCEEDED
2026-01-31T23:33:58.259Z - SUSPICIOUS: ::1 -> /api/admin/suspicious-activity - Reason: RATE_LIMIT_EXCEEDED
2026-01-31T23:33:58.437Z - SUSPICIOUS: ::1 -> /api/admin/suspicious-activity - Reason: RATE_LIMIT_EXCEEDED
2026-01-31T23:33:58.595Z - SUSPICIOUS: ::1 -> /api/admin/suspicious-activity - Reason: RATE_LIMIT_EXCEEDED
2026-01-31T23:33:58.778Z - SUSPICIOUS: ::1 -> /api/admin/suspicious-activity - Reason: RATE_LIMIT_EXCEEDED
2026-01-31T23:34:01.955Z - SUSPICIOUS: ::1 -> /api/admin/suspicious-activity - Reason: RATE_LIMIT_EXCEEDED
2026-01-31T23:34:01.983Z - SUSPICIOUS: ::1 -> /api/admin/suspicious-activity - Reason: RATE_LIMIT_EXCEEDED
2026-01-31T23:34:02.026Z - SUSPICIOUS: ::1 -> /api/admin/suspicious-activity - Reason: RATE_LIMIT_EXCEEDED
2026-01-31T23:34:02.031Z - SUSPICIOUS: ::1 -> /api/admin/suspicious-activity - Reason: RATE_LIMIT_EXCEEDED
2026-01-31T23:34:02.575Z - SUSPICIOUS: ::1 -> /api/admin/suspicious-activity - Reason: RATE_LIMIT_EXCEEDED
2026-01-31T23:34:02.590Z - SUSPICIOUS: ::1 -> /api/admin/suspicious-activity - Reason: RATE_LIMIT_EXCEEDED
2026-01-31T23:34:04.862Z - SUSPICIOUS: ::1 -> /api/admin/suspicious-activity - Reason: RATE_LIMIT_EXCEEDED
2026-01-31T23:34:04.884Z - SUSPICIOUS: ::1 -> /api/admin/suspicious-activity - Reason: RATE_LIMIT_EXCEEDED
2026-01-31T23:34:08.820Z - SUSPICIOUS: ::1 -> /api/admin/suspicious-activity - Reason: RATE_LIMIT_EXCEEDED
2026-01-31T23:34:08.854Z - SUSPICIOUS: ::1 -> /api/admin/log-request - Reason: RATE_LIMIT_EXCEEDED
2026-01-31T23:34:09.306Z - SUSPICIOUS: ::1 -> /api/admin/log-request - Reason: RATE_LIMIT_EXCEEDED
2026-01-31T23:34:09.670Z - SUSPICIOUS: ::1 -> /api/admin/suspicious-activity - Reason: RATE_LIMIT_EXCEEDED
2026-01-31T23:34:15.395Z - SUSPICIOUS: ::1 -> /api/admin/blocked-ips - Reason: RATE_LIMIT_EXCEEDED
2026-01-31T23:34:15.418Z - SUSPICIOUS: ::1 -> /api/admin/suspicious-activity - Reason: RATE_LIMIT_EXCEEDED
2026-01-31T23:34:15.466Z - SUSPICIOUS: ::1 -> /api/admin/suspicious-activity - Reason: RATE_LIMIT_EXCEEDED
2026-01-31T23:34:15.517Z - SUSPICIOUS: ::1 -> /api/admin/suspicious-activity - Reason: RATE_LIMIT_EXCEEDED
2026-01-31T23:34:15.550Z - SUSPICIOUS: ::1 -> /api/admin/suspicious-activity - Reason: RATE_LIMIT_EXCEEDED
2026-01-31T23:34:15.584Z - SUSPICIOUS: ::1 -> /api/admin/suspicious-activity - Reason: RATE_LIMIT_EXCEEDED
2026-01-31T23:34:18.837Z - SUSPICIOUS: ::1 -> /api/admin/suspicious-activity - Reason: RATE_LIMIT_EXCEEDED
2026-01-31T23:34:18.859Z - SUSPICIOUS: ::1 -> /api/admin/log-request - Reason: RATE_LIMIT_EXCEEDED
2026-01-31T23:34:19.273Z - SUSPICIOUS: ::1 -> /api/admin/log-request - Reason: RATE_LIMIT_EXCEEDED
2026-01-31T23:34:19.679Z - SUSPICIOUS: ::1 -> /api/admin/suspicious-activity - Reason: RATE_LIMIT_EXCEEDED
2026-01-31T23:34:25.326Z - SUSPICIOUS: ::1 -> /api/admin/suspicious-activity - Reason: RATE_LIMIT_EXCEEDED
2026-01-31T23:34:25.341Z - SUSPICIOUS: ::1 -> /api/admin/suspicious-activity - Reason: RATE_LIMIT_EXCEEDED
2026-01-31T23:34:28.418Z - SUSPICIOUS: ::1 -> /api/admin/suspicious-activity - Reason: RATE_LIMIT_EXCEEDED
2026-01-31T23:34:28.487Z - SUSPICIOUS: ::1 -> /api/admin/suspicious-activity - Reason: RATE_LIMIT_EXCEEDED
2026-01-31T23:34:28.991Z - SUSPICIOUS: ::1 -> /api/admin/suspicious-activity - Reason: RATE_LIMIT_EXCEEDED
2026-01-31T23:34:29.054Z - SUSPICIOUS: ::1 -> /api/admin/suspicious-activity - Reason: RATE_LIMIT_EXCEEDED
2026-01-31T23:34:29.445Z - SUSPICIOUS: ::1 -> /api/admin/suspicious-activity - Reason: RATE_LIMIT_EXCEEDED
2026-01-31T23:34:29.493Z - SUSPICIOUS: ::1 -> /api/admin/suspicious-activity - Reason: RATE_LIMIT_EXCEEDED
2026-01-31T23:34:32.468Z - SUSPICIOUS: ::1 -> /api/admin/suspicious-activity - Reason: RATE_LIMIT_EXCEEDED
2026-01-31T23:34:32.474Z - SUSPICIOUS: ::1 -> /api/admin/suspicious-activity - Reason: RATE_LIMIT_EXCEEDED
2026-01-31T23:34:32.525Z - SUSPICIOUS: ::1 -> /api/admin/suspicious-activity - Reason: RATE_LIMIT_EXCEEDED
2026-01-31T23:34:32.528Z - SUSPICIOUS: ::1 -> /api/admin/suspicious-activity - Reason: RATE_LIMIT_EXCEEDED
2026-01-31T23:34:33.106Z - SUSPICIOUS: ::1 -> /api/admin/suspicious-activity - Reason: RATE_LIMIT_EXCEEDED
2026-01-31T23:34:33.123Z - SUSPICIOUS: ::1 -> /api/admin/suspicious-activity - Reason: RATE_LIMIT_EXCEEDED
2026-01-31T23:34:35.520Z - SUSPICIOUS: ::1 -> /api/admin/suspicious-activity - Reason: RATE_LIMIT_EXCEEDED
2026-01-31T23:34:35.540Z - SUSPICIOUS: ::1 -> /api/admin/suspicious-activity - Reason: RATE_LIMIT_EXCEEDED
2026-01-31T23:34:39.167Z - SUSPICIOUS: ::1 -> /api/admin/suspicious-activity - Reason: RATE_LIMIT_EXCEEDED
2026-01-31T23:34:39.217Z - SUSPICIOUS: ::1 -> /api/admin/log-request - Reason: RATE_LIMIT_EXCEEDED
2026-01-31T23:34:39.648Z - SUSPICIOUS: ::1 -> /api/admin/log-request - Reason: RATE_LIMIT_EXCEEDED
2026-01-31T23:34:40.018Z - SUSPICIOUS: ::1 -> /api/admin/suspicious-activity - Reason: RATE_LIMIT_EXCEEDED
2026-01-31T23:34:46.120Z - SUSPICIOUS: ::1 -> /api/admin/blocked-ips - Reason: RATE_LIMIT_EXCEEDED
2026-01-31T23:34:46.144Z - SUSPICIOUS: ::1 -> /api/admin/suspicious-activity - Reason: RATE_LIMIT_EXCEEDED
2026-01-31T23:34:46.215Z - SUSPICIOUS: ::1 -> /api/admin/suspicious-activity - Reason: RATE_LIMIT_EXCEEDED
2026-01-31T23:34:46.271Z - SUSPICIOUS: ::1 -> /api/admin/suspicious-activity - Reason: RATE_LIMIT_EXCEEDED
2026-01-31T23:34:46.313Z - SUSPICIOUS: ::1 -> /api/admin/suspicious-activity - Reason: RATE_LIMIT_EXCEEDED
2026-01-31T23:34:46.364Z - SUSPICIOUS: ::1 -> /api/admin/suspicious-activity - Reason: RATE_LIMIT_EXCEEDED
2026-01-31T23:34:49.932Z - SUSPICIOUS: ::1 -> /api/admin/log-request - Reason: RATE_LIMIT_EXCEEDED
2026-01-31T23:34:49.937Z - SUSPICIOUS: ::1 -> /api/admin/suspicious-activity - Reason: RATE_LIMIT_EXCEEDED
2026-01-31T23:34:50.681Z - SUSPICIOUS: ::1 -> /api/admin/log-request - Reason: RATE_LIMIT_EXCEEDED
2026-01-31T23:34:51.052Z - SUSPICIOUS: ::1 -> /api/admin/suspicious-activity - Reason: RATE_LIMIT_EXCEEDED
2026-01-31T23:34:55.924Z - SUSPICIOUS: ::1 -> /api/admin/suspicious-activity - Reason: RATE_LIMIT_EXCEEDED
2026-01-31T23:34:55.897Z - SUSPICIOUS: ::1 -> /api/admin/suspicious-activity - Reason: RATE_LIMIT_EXCEEDED
2026-01-31T23:34:58.905Z - SUSPICIOUS: ::1 -> /api/admin/suspicious-activity - Reason: RATE_LIMIT_EXCEEDED
2026-01-31T23:34:59.127Z - SUSPICIOUS: ::1 -> /api/admin/suspicious-activity - Reason: RATE_LIMIT_EXCEEDED
2026-01-31T23:34:59.524Z - SUSPICIOUS: ::1 -> /api/admin/suspicious-activity - Reason: RATE_LIMIT_EXCEEDED
2026-01-31T23:34:59.666Z - SUSPICIOUS: ::1 -> /api/admin/suspicious-activity - Reason: RATE_LIMIT_EXCEEDED
2026-01-31T23:34:59.956Z - SUSPICIOUS: ::1 -> /api/admin/suspicious-activity - Reason: RATE_LIMIT_EXCEEDED
2026-01-31T23:35:00.058Z - SUSPICIOUS: ::1 -> /api/admin/suspicious-activity - Reason: RATE_LIMIT_EXCEEDED
2026-01-31T23:35:02.960Z - SUSPICIOUS: ::1 -> /api/admin/suspicious-activity - Reason: RATE_LIMIT_EXCEEDED
2026-01-31T23:35:02.963Z - SUSPICIOUS: ::1 -> /api/admin/suspicious-activity - Reason: RATE_LIMIT_EXCEEDED
2026-01-31T23:35:03.028Z - SUSPICIOUS: ::1 -> /api/admin/suspicious-activity - Reason: RATE_LIMIT_EXCEEDED
2026-01-31T23:35:03.039Z - SUSPICIOUS: ::1 -> /api/admin/suspicious-activity - Reason: RATE_LIMIT_EXCEEDED
2026-01-31T23:35:03.659Z - SUSPICIOUS: ::1 -> /api/admin/suspicious-activity - Reason: RATE_LIMIT_EXCEEDED
2026-01-31T23:35:03.686Z - SUSPICIOUS: ::1 -> /api/admin/suspicious-activity - Reason: RATE_LIMIT_EXCEEDED
2026-01-31T23:35:05.905Z - SUSPICIOUS: ::1 -> /api/admin/suspicious-activity - Reason: RATE_LIMIT_EXCEEDED
2026-01-31T23:35:05.940Z - SUSPICIOUS: ::1 -> /api/admin/suspicious-activity - Reason: RATE_LIMIT_EXCEEDED
2026-01-31T23:35:10.031Z - SUSPICIOUS: ::1 -> /api/admin/suspicious-activity - Reason: RATE_LIMIT_EXCEEDED
2026-01-31T23:35:10.087Z - SUSPICIOUS: ::1 -> /api/admin/log-request - Reason: RATE_LIMIT_EXCEEDED
2026-01-31T23:35:10.631Z - SUSPICIOUS: ::1 -> /api/admin/log-request - Reason: RATE_LIMIT_EXCEEDED
2026-01-31T23:35:11.064Z - SUSPICIOUS: ::1 -> /api/admin/suspicious-activity - Reason: RATE_LIMIT_EXCEEDED
2026-01-31T23:35:16.441Z - SUSPICIOUS: ::1 -> /api/admin/blocked-ips - Reason: RATE_LIMIT_EXCEEDED
2026-01-31T23:35:16.463Z - SUSPICIOUS: ::1 -> /api/admin/suspicious-activity - Reason: RATE_LIMIT_EXCEEDED
2026-01-31T23:35:16.505Z - SUSPICIOUS: ::1 -> /api/admin/suspicious-activity - Reason: RATE_LIMIT_EXCEEDED
2026-01-31T23:35:16.553Z - SUSPICIOUS: ::1 -> /api/admin/suspicious-activity - Reason: RATE_LIMIT_EXCEEDED
2026-01-31T23:35:16.558Z - SUSPICIOUS: ::1 -> /api/admin/suspicious-activity - Reason: RATE_LIMIT_EXCEEDED
2026-01-31T23:35:16.613Z - SUSPICIOUS: ::1 -> /api/admin/suspicious-activity - Reason: RATE_LIMIT_EXCEEDED
2026-01-31T23:35:20.024Z - SUSPICIOUS: ::1 -> /api/admin/log-request - Reason: RATE_LIMIT_EXCEEDED
2026-01-31T23:35:20.019Z - SUSPICIOUS: ::1 -> /api/admin/suspicious-activity - Reason: RATE_LIMIT_EXCEEDED
2026-01-31T23:35:20.585Z - SUSPICIOUS: ::1 -> /api/admin/log-request - Reason: RATE_LIMIT_EXCEEDED
2026-01-31T23:35:21.017Z - SUSPICIOUS: ::1 -> /api/admin/suspicious-activity - Reason: RATE_LIMIT_EXCEEDED
2026-01-31T23:35:26.411Z - SUSPICIOUS: ::1 -> /api/admin/suspicious-activity - Reason: RATE_LIMIT_EXCEEDED
2026-01-31T23:35:26.432Z - SUSPICIOUS: ::1 -> /api/admin/suspicious-activity - Reason: RATE_LIMIT_EXCEEDED
2026-01-31T23:35:29.567Z - SUSPICIOUS: ::1 -> /api/admin/suspicious-activity - Reason: RATE_LIMIT_EXCEEDED
2026-01-31T23:35:29.766Z - SUSPICIOUS: ::1 -> /api/admin/suspicious-activity - Reason: RATE_LIMIT_EXCEEDED
2026-01-31T23:35:30.312Z - SUSPICIOUS: ::1 -> /api/admin/suspicious-activity - Reason: RATE_LIMIT_EXCEEDED
2026-01-31T23:35:30.429Z - SUSPICIOUS: ::1 -> /api/admin/suspicious-activity - Reason: RATE_LIMIT_EXCEEDED
2026-01-31T23:35:30.766Z - SUSPICIOUS: ::1 -> /api/admin/suspicious-activity - Reason: RATE_LIMIT_EXCEEDED
2026-01-31T23:35:30.873Z - SUSPICIOUS: ::1 -> /api/admin/suspicious-activity - Reason: RATE_LIMIT_EXCEEDED
2026-01-31T23:35:33.466Z - SUSPICIOUS: ::1 -> /api/admin/suspicious-activity - Reason: RATE_LIMIT_EXCEEDED
2026-01-31T23:35:33.472Z - SUSPICIOUS: ::1 -> /api/admin/suspicious-activity - Reason: RATE_LIMIT_EXCEEDED
2026-01-31T23:35:33.535Z - SUSPICIOUS: ::1 -> /api/admin/suspicious-activity - Reason: RATE_LIMIT_EXCEEDED
2026-01-31T23:35:33.541Z - SUSPICIOUS: ::1 -> /api/admin/suspicious-activity - Reason: RATE_LIMIT_EXCEEDED
2026-01-31T23:35:34.087Z - SUSPICIOUS: ::1 -> /api/admin/suspicious-activity - Reason: RATE_LIMIT_EXCEEDED
2026-01-31T23:35:34.095Z - SUSPICIOUS: ::1 -> /api/admin/suspicious-activity - Reason: RATE_LIMIT_EXCEEDED
2026-01-31T23:35:36.526Z - SUSPICIOUS: ::1 -> /api/admin/suspicious-activity - Reason: RATE_LIMIT_EXCEEDED
2026-01-31T23:35:36.550Z - SUSPICIOUS: ::1 -> /api/admin/suspicious-activity - Reason: RATE_LIMIT_EXCEEDED
2026-01-31T23:35:40.630Z - SUSPICIOUS: ::1 -> /api/admin/suspicious-activity - Reason: RATE_LIMIT_EXCEEDED
2026-01-31T23:35:40.705Z - SUSPICIOUS: ::1 -> /api/admin/log-request - Reason: RATE_LIMIT_EXCEEDED
2026-01-31T23:35:41.276Z - SUSPICIOUS: ::1 -> /api/admin/log-request - Reason: RATE_LIMIT_EXCEEDED
2026-01-31T23:35:41.636Z - SUSPICIOUS: ::1 -> /api/admin/suspicious-activity - Reason: RATE_LIMIT_EXCEEDED
2026-01-31T23:35:47.139Z - SUSPICIOUS: ::1 -> /api/admin/blocked-ips - Reason: RATE_LIMIT_EXCEEDED
2026-01-31T23:35:47.185Z - SUSPICIOUS: ::1 -> /api/admin/suspicious-activity - Reason: RATE_LIMIT_EXCEEDED
2026-01-31T23:35:47.308Z - SUSPICIOUS: ::1 -> /api/admin/suspicious-activity - Reason: RATE_LIMIT_EXCEEDED
2026-01-31T23:35:47.356Z - SUSPICIOUS: ::1 -> /api/admin/suspicious-activity - Reason: RATE_LIMIT_EXCEEDED
2026-01-31T23:35:47.447Z - SUSPICIOUS: ::1 -> /api/admin/suspicious-activity - Reason: RATE_LIMIT_EXCEEDED
2026-01-31T23:35:47.484Z - SUSPICIOUS: ::1 -> /api/admin/suspicious-activity - Reason: RATE_LIMIT_EXCEEDED
2026-01-31T23:35:50.415Z - SUSPICIOUS: ::1 -> /api/admin/suspicious-activity - Reason: RATE_LIMIT_EXCEEDED
2026-01-31T23:35:50.431Z - SUSPICIOUS: ::1 -> /api/admin/log-request - Reason: RATE_LIMIT_EXCEEDED
2026-01-31T23:35:50.934Z - SUSPICIOUS: ::1 -> /api/admin/log-request - Reason: RATE_LIMIT_EXCEEDED
2026-01-31T23:35:51.333Z - SUSPICIOUS: ::1 -> /api/admin/suspicious-activity - Reason: RATE_LIMIT_EXCEEDED
2026-01-31T23:35:57.268Z - SUSPICIOUS: ::1 -> /api/admin/suspicious-activity - Reason: RATE_LIMIT_EXCEEDED
2026-01-31T23:35:57.291Z - SUSPICIOUS: ::1 -> /api/admin/suspicious-activity - Reason: RATE_LIMIT_EXCEEDED
2026-01-31T23:35:59.864Z - SUSPICIOUS: ::1 -> /api/admin/suspicious-activity - Reason: RATE_LIMIT_EXCEEDED
2026-01-31T23:35:59.985Z - SUSPICIOUS: ::1 -> /api/admin/suspicious-activity - Reason: RATE_LIMIT_EXCEEDED
2026-01-31T23:36:00.511Z - SUSPICIOUS: ::1 -> /api/admin/suspicious-activity - Reason: RATE_LIMIT_EXCEEDED
2026-01-31T23:36:00.550Z - SUSPICIOUS: ::1 -> /api/admin/suspicious-activity - Reason: RATE_LIMIT_EXCEEDED
2026-01-31T23:36:01.014Z - SUSPICIOUS: ::1 -> /api/admin/suspicious-activity - Reason: RATE_LIMIT_EXCEEDED
2026-01-31T23:36:01.019Z - SUSPICIOUS: ::1 -> /api/admin/suspicious-activity - Reason: RATE_LIMIT_EXCEEDED
2026-01-31T23:36:04.401Z - SUSPICIOUS: ::1 -> /api/admin/suspicious-activity - Reason: RATE_LIMIT_EXCEEDED
2026-01-31T23:36:04.439Z - SUSPICIOUS: ::1 -> /api/admin/suspicious-activity - Reason: RATE_LIMIT_EXCEEDED
2026-01-31T23:36:04.403Z - SUSPICIOUS: ::1 -> /api/admin/suspicious-activity - Reason: RATE_LIMIT_EXCEEDED
2026-01-31T23:36:04.434Z - SUSPICIOUS: ::1 -> /api/admin/suspicious-activity - Reason: RATE_LIMIT_EXCEEDED
2026-01-31T23:36:04.946Z - SUSPICIOUS: ::1 -> /api/admin/suspicious-activity - Reason: RATE_LIMIT_EXCEEDED
2026-01-31T23:36:04.972Z - SUSPICIOUS: ::1 -> /api/admin/suspicious-activity - Reason: RATE_LIMIT_EXCEEDED
2026-01-31T23:36:07.374Z - SUSPICIOUS: ::1 -> /api/admin/suspicious-activity - Reason: RATE_LIMIT_EXCEEDED
2026-01-31T23:36:07.392Z - SUSPICIOUS: ::1 -> /api/admin/suspicious-activity - Reason: RATE_LIMIT_EXCEEDED
2026-01-31T23:36:10.767Z - SUSPICIOUS: ::1 -> /api/admin/suspicious-activity - Reason: RATE_LIMIT_EXCEEDED
2026-01-31T23:36:10.863Z - SUSPICIOUS: ::1 -> /api/admin/log-request - Reason: RATE_LIMIT_EXCEEDED
2026-01-31T23:36:11.277Z - SUSPICIOUS: ::1 -> /api/admin/log-request - Reason: RATE_LIMIT_EXCEEDED
2026-01-31T23:36:11.620Z - SUSPICIOUS: ::1 -> /api/admin/suspicious-activity - Reason: RATE_LIMIT_EXCEEDED
2026-01-31T23:36:18.122Z - SUSPICIOUS: ::1 -> /api/admin/blocked-ips - Reason: RATE_LIMIT_EXCEEDED
2026-01-31T23:36:18.141Z - SUSPICIOUS: ::1 -> /api/admin/suspicious-activity - Reason: RATE_LIMIT_EXCEEDED
2026-01-31T23:36:18.178Z - SUSPICIOUS: ::1 -> /api/admin/suspicious-activity - Reason: RATE_LIMIT_EXCEEDED
2026-01-31T23:36:18.225Z - SUSPICIOUS: ::1 -> /api/admin/suspicious-activity - Reason: RATE_LIMIT_EXCEEDED
2026-01-31T23:36:18.231Z - SUSPICIOUS: ::1 -> /api/admin/suspicious-activity - Reason: RATE_LIMIT_EXCEEDED
2026-01-31T23:36:18.282Z - SUSPICIOUS: ::1 -> /api/admin/suspicious-activity - Reason: RATE_LIMIT_EXCEEDED
2026-01-31T23:36:20.696Z - SUSPICIOUS: ::1 -> /api/admin/log-request - Reason: RATE_LIMIT_EXCEEDED
2026-01-31T23:36:20.748Z - SUSPICIOUS: ::1 -> /api/admin/suspicious-activity - Reason: RATE_LIMIT_EXCEEDED
2026-01-31T23:36:21.250Z - SUSPICIOUS: ::1 -> /api/admin/log-request - Reason: RATE_LIMIT_EXCEEDED
2026-01-31T23:36:21.582Z - SUSPICIOUS: ::1 -> /api/admin/suspicious-activity - Reason: RATE_LIMIT_EXCEEDED
2026-01-31T23:36:27.816Z - SUSPICIOUS: ::1 -> /api/admin/suspicious-activity - Reason: RATE_LIMIT_EXCEEDED
2026-01-31T23:36:27.837Z - SUSPICIOUS: ::1 -> /api/admin/suspicious-activity - Reason: RATE_LIMIT_EXCEEDED
2026-01-31T23:36:30.565Z - SUSPICIOUS: ::1 -> /api/admin/suspicious-activity - Reason: RATE_LIMIT_EXCEEDED
2026-01-31T23:36:30.715Z - SUSPICIOUS: ::1 -> /api/admin/suspicious-activity - Reason: RATE_LIMIT_EXCEEDED
2026-01-31T23:36:31.340Z - SUSPICIOUS: ::1 -> /api/admin/suspicious-activity - Reason: RATE_LIMIT_EXCEEDED
2026-01-31T23:36:31.446Z - SUSPICIOUS: ::1 -> /api/admin/suspicious-activity - Reason: RATE_LIMIT_EXCEEDED
2026-01-31T23:36:31.833Z - SUSPICIOUS: ::1 -> /api/admin/suspicious-activity - Reason: RATE_LIMIT_EXCEEDED
2026-01-31T23:36:31.904Z - SUSPICIOUS: ::1 -> /api/admin/suspicious-activity - Reason: RATE_LIMIT_EXCEEDED
2026-01-31T23:36:35.098Z - SUSPICIOUS: ::1 -> /api/admin/suspicious-activity - Reason: RATE_LIMIT_EXCEEDED
2026-01-31T23:36:35.172Z - SUSPICIOUS: ::1 -> /api/admin/suspicious-activity - Reason: RATE_LIMIT_EXCEEDED
2026-01-31T23:36:35.082Z - SUSPICIOUS: ::1 -> /api/admin/suspicious-activity - Reason: RATE_LIMIT_EXCEEDED
2026-01-31T23:36:35.175Z - SUSPICIOUS: ::1 -> /api/admin/suspicious-activity - Reason: RATE_LIMIT_EXCEEDED
2026-01-31T23:36:35.836Z - SUSPICIOUS: ::1 -> /api/admin/suspicious-activity - Reason: RATE_LIMIT_EXCEEDED
2026-01-31T23:36:35.877Z - SUSPICIOUS: ::1 -> /api/admin/suspicious-activity - Reason: RATE_LIMIT_EXCEEDED
2026-01-31T23:36:37.948Z - SUSPICIOUS: ::1 -> /api/admin/suspicious-activity - Reason: RATE_LIMIT_EXCEEDED
2026-01-31T23:36:37.979Z - SUSPICIOUS: ::1 -> /api/admin/suspicious-activity - Reason: RATE_LIMIT_EXCEEDED
2026-01-31T23:36:41.298Z - SUSPICIOUS: ::1 -> /api/admin/suspicious-activity - Reason: RATE_LIMIT_EXCEEDED
2026-01-31T23:36:41.340Z - SUSPICIOUS: ::1 -> /api/admin/log-request - Reason: RATE_LIMIT_EXCEEDED
2026-01-31T23:36:42.324Z - SUSPICIOUS: ::1 -> /api/admin/log-request - Reason: RATE_LIMIT_EXCEEDED
2026-01-31T23:36:42.698Z - SUSPICIOUS: ::1 -> /api/admin/suspicious-activity - Reason: RATE_LIMIT_EXCEEDED
2026-01-31T23:36:48.420Z - SUSPICIOUS: ::1 -> /api/admin/blocked-ips - Reason: RATE_LIMIT_EXCEEDED
2026-01-31T23:36:48.444Z - SUSPICIOUS: ::1 -> /api/admin/suspicious-activity - Reason: RATE_LIMIT_EXCEEDED
2026-01-31T23:36:48.488Z - SUSPICIOUS: ::1 -> /api/admin/suspicious-activity - Reason: RATE_LIMIT_EXCEEDED
2026-01-31T23:36:48.532Z - SUSPICIOUS: ::1 -> /api/admin/suspicious-activity - Reason: RATE_LIMIT_EXCEEDED
2026-01-31T23:36:48.572Z - SUSPICIOUS: ::1 -> /api/admin/suspicious-activity - Reason: RATE_LIMIT_EXCEEDED
2026-01-31T23:36:48.612Z - SUSPICIOUS: ::1 -> /api/admin/suspicious-activity - Reason: RATE_LIMIT_EXCEEDED
2026-01-31T23:36:51.366Z - SUSPICIOUS: ::1 -> /api/admin/suspicious-activity - Reason: RATE_LIMIT_EXCEEDED
2026-01-31T23:36:51.369Z - SUSPICIOUS: ::1 -> /api/admin/log-request - Reason: RATE_LIMIT_EXCEEDED
2026-01-31T23:36:51.963Z - SUSPICIOUS: ::1 -> /api/admin/log-request - Reason: RATE_LIMIT_EXCEEDED
2026-01-31T23:36:52.325Z - SUSPICIOUS: ::1 -> /api/admin/suspicious-activity - Reason: RATE_LIMIT_EXCEEDED
2026-01-31T23:36:58.363Z - SUSPICIOUS: ::1 -> /api/admin/suspicious-activity - Reason: RATE_LIMIT_EXCEEDED
2026-01-31T23:36:58.384Z - SUSPICIOUS: ::1 -> /api/admin/suspicious-activity - Reason: RATE_LIMIT_EXCEEDED
2026-01-31T23:37:00.928Z - SUSPICIOUS: ::1 -> /api/admin/suspicious-activity - Reason: RATE_LIMIT_EXCEEDED
2026-01-31T23:37:01.045Z - SUSPICIOUS: ::1 -> /api/admin/suspicious-activity - Reason: RATE_LIMIT_EXCEEDED
2026-01-31T23:37:01.565Z - SUSPICIOUS: ::1 -> /api/admin/suspicious-activity - Reason: RATE_LIMIT_EXCEEDED
2026-01-31T23:37:01.695Z - SUSPICIOUS: ::1 -> /api/admin/suspicious-activity - Reason: RATE_LIMIT_EXCEEDED
2026-01-31T23:37:02.041Z - SUSPICIOUS: ::1 -> /api/admin/suspicious-activity - Reason: RATE_LIMIT_EXCEEDED
2026-01-31T23:37:02.168Z - SUSPICIOUS: ::1 -> /api/admin/suspicious-activity - Reason: RATE_LIMIT_EXCEEDED
2026-01-31T23:37:05.555Z - SUSPICIOUS: ::1 -> /api/admin/suspicious-activity - Reason: RATE_LIMIT_EXCEEDED
2026-01-31T23:37:05.567Z - SUSPICIOUS: ::1 -> /api/admin/suspicious-activity - Reason: RATE_LIMIT_EXCEEDED
2026-01-31T23:37:05.640Z - SUSPICIOUS: ::1 -> /api/admin/suspicious-activity - Reason: RATE_LIMIT_EXCEEDED
2026-01-31T23:37:05.643Z - SUSPICIOUS: ::1 -> /api/admin/suspicious-activity - Reason: RATE_LIMIT_EXCEEDED
2026-01-31T23:37:06.194Z - SUSPICIOUS: ::1 -> /api/admin/suspicious-activity - Reason: RATE_LIMIT_EXCEEDED
2026-01-31T23:37:06.238Z - SUSPICIOUS: ::1 -> /api/admin/suspicious-activity - Reason: RATE_LIMIT_EXCEEDED
2026-01-31T23:37:08.598Z - SUSPICIOUS: ::1 -> /api/admin/suspicious-activity - Reason: RATE_LIMIT_EXCEEDED
2026-01-31T23:37:08.640Z - SUSPICIOUS: ::1 -> /api/admin/suspicious-activity - Reason: RATE_LIMIT_EXCEEDED
2026-01-31T23:37:11.744Z - SUSPICIOUS: ::1 -> /api/admin/suspicious-activity - Reason: RATE_LIMIT_EXCEEDED
2026-01-31T23:37:11.823Z - SUSPICIOUS: ::1 -> /api/admin/log-request - Reason: RATE_LIMIT_EXCEEDED
2026-01-31T23:37:12.255Z - SUSPICIOUS: ::1 -> /api/admin/log-request - Reason: RATE_LIMIT_EXCEEDED
2026-01-31T23:37:12.599Z - SUSPICIOUS: ::1 -> /api/admin/suspicious-activity - Reason: RATE_LIMIT_EXCEEDED
2026-01-31T23:37:19.104Z - SUSPICIOUS: ::1 -> /api/admin/blocked-ips - Reason: RATE_LIMIT_EXCEEDED
2026-01-31T23:37:19.141Z - SUSPICIOUS: ::1 -> /api/admin/suspicious-activity - Reason: RATE_LIMIT_EXCEEDED
2026-01-31T23:37:19.208Z - SUSPICIOUS: ::1 -> /api/admin/suspicious-activity - Reason: RATE_LIMIT_EXCEEDED
2026-01-31T23:37:19.291Z - SUSPICIOUS: ::1 -> /api/admin/suspicious-activity - Reason: RATE_LIMIT_EXCEEDED
2026-01-31T23:37:19.337Z - SUSPICIOUS: ::1 -> /api/admin/suspicious-activity - Reason: RATE_LIMIT_EXCEEDED
2026-01-31T23:37:19.385Z - SUSPICIOUS: ::1 -> /api/admin/suspicious-activity - Reason: RATE_LIMIT_EXCEEDED
2026-01-31T23:37:22.101Z - SUSPICIOUS: ::1 -> /api/admin/suspicious-activity - Reason: RATE_LIMIT_EXCEEDED
2026-01-31T23:37:22.149Z - SUSPICIOUS: ::1 -> /api/admin/log-request - Reason: RATE_LIMIT_EXCEEDED
2026-01-31T23:37:22.808Z - SUSPICIOUS: ::1 -> /api/admin/log-request - Reason: RATE_LIMIT_EXCEEDED
2026-01-31T23:37:23.311Z - SUSPICIOUS: ::1 -> /api/admin/suspicious-activity - Reason: RATE_LIMIT_EXCEEDED
2026-01-31T23:37:28.985Z - SUSPICIOUS: ::1 -> /api/admin/suspicious-activity - Reason: RATE_LIMIT_EXCEEDED
2026-01-31T23:37:29.012Z - SUSPICIOUS: ::1 -> /api/admin/suspicious-activity - Reason: RATE_LIMIT_EXCEEDED
2026-01-31T23:37:31.275Z - SUSPICIOUS: ::1 -> /api/admin/suspicious-activity - Reason: RATE_LIMIT_EXCEEDED
2026-01-31T23:37:31.449Z - SUSPICIOUS: ::1 -> /api/admin/suspicious-activity - Reason: RATE_LIMIT_EXCEEDED
2026-01-31T23:37:31.811Z - SUSPICIOUS: ::1 -> /api/admin/suspicious-activity - Reason: RATE_LIMIT_EXCEEDED
2026-01-31T23:37:31.983Z - SUSPICIOUS: ::1 -> /api/admin/suspicious-activity - Reason: RATE_LIMIT_EXCEEDED
2026-01-31T23:37:32.179Z - SUSPICIOUS: ::1 -> /api/admin/suspicious-activity - Reason: RATE_LIMIT_EXCEEDED
2026-01-31T23:37:32.460Z - SUSPICIOUS: ::1 -> /api/admin/suspicious-activity - Reason: RATE_LIMIT_EXCEEDED
2026-01-31T23:37:36.089Z - SUSPICIOUS: ::1 -> /api/admin/suspicious-activity - Reason: RATE_LIMIT_EXCEEDED
2026-01-31T23:37:36.105Z - SUSPICIOUS: ::1 -> /api/admin/suspicious-activity - Reason: RATE_LIMIT_EXCEEDED
2026-01-31T23:37:36.158Z - SUSPICIOUS: ::1 -> /api/admin/suspicious-activity - Reason: RATE_LIMIT_EXCEEDED
2026-01-31T23:37:36.161Z - SUSPICIOUS: ::1 -> /api/admin/suspicious-activity - Reason: RATE_LIMIT_EXCEEDED
2026-01-31T23:37:36.798Z - SUSPICIOUS: ::1 -> /api/admin/suspicious-activity - Reason: RATE_LIMIT_EXCEEDED
2026-01-31T23:37:36.830Z - SUSPICIOUS: ::1 -> /api/admin/suspicious-activity - Reason: RATE_LIMIT_EXCEEDED
2026-01-31T23:37:39.085Z - SUSPICIOUS: ::1 -> /api/admin/suspicious-activity - Reason: RATE_LIMIT_EXCEEDED
2026-01-31T23:37:39.118Z - SUSPICIOUS: ::1 -> /api/admin/suspicious-activity - Reason: RATE_LIMIT_EXCEEDED
2026-01-31T23:37:42.365Z - SUSPICIOUS: ::1 -> /api/admin/suspicious-activity - Reason: RATE_LIMIT_EXCEEDED
2026-01-31T23:37:42.395Z - SUSPICIOUS: ::1 -> /api/admin/log-request - Reason: RATE_LIMIT_EXCEEDED
2026-01-31T23:37:43.027Z - SUSPICIOUS: ::1 -> /api/admin/log-request - Reason: RATE_LIMIT_EXCEEDED
2026-01-31T23:37:43.484Z - SUSPICIOUS: ::1 -> /api/admin/suspicious-activity - Reason: RATE_LIMIT_EXCEEDED
2026-01-31T23:37:49.562Z - SUSPICIOUS: ::1 -> /api/admin/blocked-ips - Reason: RATE_LIMIT_EXCEEDED
2026-01-31T23:37:49.591Z - SUSPICIOUS: ::1 -> /api/admin/suspicious-activity - Reason: RATE_LIMIT_EXCEEDED
2026-01-31T23:37:49.658Z - SUSPICIOUS: ::1 -> /api/admin/suspicious-activity - Reason: RATE_LIMIT_EXCEEDED
2026-01-31T23:37:49.712Z - SUSPICIOUS: ::1 -> /api/admin/suspicious-activity - Reason: RATE_LIMIT_EXCEEDED
2026-01-31T23:37:49.722Z - SUSPICIOUS: ::1 -> /api/admin/suspicious-activity - Reason: RATE_LIMIT_EXCEEDED
2026-01-31T23:37:49.785Z - SUSPICIOUS: ::1 -> /api/admin/suspicious-activity - Reason: RATE_LIMIT_EXCEEDED
2026-01-31T23:37:52.373Z - SUSPICIOUS: ::1 -> /api/admin/suspicious-activity - Reason: RATE_LIMIT_EXCEEDED
2026-01-31T23:37:52.433Z - SUSPICIOUS: ::1 -> /api/admin/log-request - Reason: RATE_LIMIT_EXCEEDED
2026-01-31T23:37:54.471Z - SUSPICIOUS: ::1 -> /api/admin/suspicious-activity - Reason: RATE_LIMIT_EXCEEDED
2026-01-31T23:37:59.761Z - SUSPICIOUS: ::1 -> /api/admin/suspicious-activity - Reason: RATE_LIMIT_EXCEEDED
2026-01-31T23:37:59.743Z - SUSPICIOUS: ::1 -> /api/admin/suspicious-activity - Reason: RATE_LIMIT_EXCEEDED
2026-01-31T23:38:03.009Z - SUSPICIOUS: ::1 -> /api/admin/suspicious-activity - Reason: RATE_LIMIT_EXCEEDED
2026-01-31T23:38:03.656Z - SUSPICIOUS: ::1 -> /api/admin/suspicious-activity - Reason: RATE_LIMIT_EXCEEDED
2026-01-31T23:38:03.874Z - SUSPICIOUS: ::1 -> /api/admin/suspicious-activity - Reason: RATE_LIMIT_EXCEEDED
2026-01-31T23:38:04.188Z - SUSPICIOUS: ::1 -> /api/admin/suspicious-activity - Reason: RATE_LIMIT_EXCEEDED
2026-01-31T23:38:04.485Z - SUSPICIOUS: ::1 -> /api/admin/suspicious-activity - Reason: RATE_LIMIT_EXCEEDED
2026-01-31T23:38:04.585Z - SUSPICIOUS: ::1 -> /api/admin/suspicious-activity - Reason: RATE_LIMIT_EXCEEDED
2026-01-31T23:38:06.874Z - SUSPICIOUS: ::1 -> /api/admin/suspicious-activity - Reason: RATE_LIMIT_EXCEEDED
2026-01-31T23:38:06.884Z - SUSPICIOUS: ::1 -> /api/admin/suspicious-activity - Reason: RATE_LIMIT_EXCEEDED
2026-01-31T23:38:09.929Z - SUSPICIOUS: ::1 -> /api/admin/suspicious-activity - Reason: RATE_LIMIT_EXCEEDED
2026-01-31T23:38:09.912Z - SUSPICIOUS: ::1 -> /api/admin/suspicious-activity - Reason: RATE_LIMIT_EXCEEDED
2026-01-31T23:38:13.605Z - SUSPICIOUS: ::1 -> /api/admin/suspicious-activity - Reason: RATE_LIMIT_EXCEEDED
2026-01-31T23:38:13.683Z - SUSPICIOUS: ::1 -> /api/admin/log-request - Reason: RATE_LIMIT_EXCEEDED
2026-01-31T23:38:14.149Z - SUSPICIOUS: ::1 -> /api/admin/log-request - Reason: RATE_LIMIT_EXCEEDED
2026-01-31T23:38:14.512Z - SUSPICIOUS: ::1 -> /api/admin/suspicious-activity - Reason: RATE_LIMIT_EXCEEDED
2026-01-31T23:38:20.368Z - SUSPICIOUS: ::1 -> /api/admin/blocked-ips - Reason: RATE_LIMIT_EXCEEDED
2026-01-31T23:38:20.402Z - SUSPICIOUS: ::1 -> /api/admin/suspicious-activity - Reason: RATE_LIMIT_EXCEEDED
2026-01-31T23:38:20.458Z - SUSPICIOUS: ::1 -> /api/admin/suspicious-activity - Reason: RATE_LIMIT_EXCEEDED
2026-01-31T23:38:20.505Z - SUSPICIOUS: ::1 -> /api/admin/suspicious-activity - Reason: RATE_LIMIT_EXCEEDED
2026-01-31T23:38:20.535Z - SUSPICIOUS: ::1 -> /api/admin/suspicious-activity - Reason: RATE_LIMIT_EXCEEDED
2026-01-31T23:38:20.574Z - SUSPICIOUS: ::1 -> /api/admin/suspicious-activity - Reason: RATE_LIMIT_EXCEEDED
2026-01-31T23:38:23.645Z - SUSPICIOUS: ::1 -> /api/admin/suspicious-activity - Reason: RATE_LIMIT_EXCEEDED
2026-01-31T23:38:23.682Z - SUSPICIOUS: ::1 -> /api/admin/log-request - Reason: RATE_LIMIT_EXCEEDED
2026-01-31T23:38:24.244Z - SUSPICIOUS: ::1 -> /api/admin/log-request - Reason: RATE_LIMIT_EXCEEDED
2026-01-31T23:38:24.626Z - SUSPICIOUS: ::1 -> /api/admin/suspicious-activity - Reason: RATE_LIMIT_EXCEEDED
2026-01-31T23:38:30.304Z - SUSPICIOUS: ::1 -> /api/admin/suspicious-activity - Reason: RATE_LIMIT_EXCEEDED
2026-01-31T23:38:30.329Z - SUSPICIOUS: ::1 -> /api/admin/suspicious-activity - Reason: RATE_LIMIT_EXCEEDED
2026-01-31T23:38:31.190Z - SUSPICIOUS: ::1 -> /api/admin/suspicious-activity - Reason: RATE_LIMIT_EXCEEDED
2026-01-31T23:38:31.156Z - SUSPICIOUS: ::1 -> /api/admin/suspicious-activity - Reason: RATE_LIMIT_EXCEEDED
2026-01-31T23:38:32.535Z - SUSPICIOUS: ::1 -> /api/admin/log-request - Reason: RATE_LIMIT_EXCEEDED
2026-01-31T23:38:32.542Z - SUSPICIOUS: ::1 -> /api/admin/log-request - Reason: RATE_LIMIT_EXCEEDED
2026-01-31T23:38:31.183Z - SUSPICIOUS: ::1 -> /api/admin/log-request - Reason: RATE_LIMIT_EXCEEDED
2026-01-31T23:38:31.187Z - SUSPICIOUS: ::1 -> /api/admin/log-request - Reason: RATE_LIMIT_EXCEEDED
2026-01-31T23:38:33.115Z - SUSPICIOUS: ::1 -> /api/admin/suspicious-activity - Reason: RATE_LIMIT_EXCEEDED
2026-01-31T23:38:33.120Z - SUSPICIOUS: ::1 -> /api/admin/suspicious-activity - Reason: RATE_LIMIT_EXCEEDED
2026-01-31T23:38:36.808Z - SUSPICIOUS: ::1 -> /api/admin/suspicious-activity - Reason: RATE_LIMIT_EXCEEDED
2026-01-31T23:38:36.823Z - SUSPICIOUS: ::1 -> /api/admin/suspicious-activity - Reason: RATE_LIMIT_EXCEEDED
2026-01-31T23:38:40.304Z - SUSPICIOUS: ::1 -> /api/admin/suspicious-activity - Reason: RATE_LIMIT_EXCEEDED
2026-01-31T23:38:40.318Z - SUSPICIOUS: ::1 -> /api/admin/suspicious-activity - Reason: RATE_LIMIT_EXCEEDED
2026-01-31T23:38:42.434Z - SUSPICIOUS: ::1 -> /api/ip-ban - Reason: RATE_LIMIT_EXCEEDED
2026-01-31T23:38:42.451Z - SUSPICIOUS: ::1 -> /api/admin/log-request - Reason: RATE_LIMIT_EXCEEDED
2026-01-31T23:38:43.043Z - SUSPICIOUS: ::1 -> /api/admin/suspicious-activity - Reason: RATE_LIMIT_EXCEEDED
2026-01-31T23:38:43.210Z - SUSPICIOUS: ::1 -> /api/admin/log-request - Reason: RATE_LIMIT_EXCEEDED
2026-01-31T23:38:43.412Z - SUSPICIOUS: ::1 -> /api/admin/suspicious-activity - Reason: RATE_LIMIT_EXCEEDED
2026-01-31T23:38:43.564Z - SUSPICIOUS: ::1 -> /api/admin/suspicious-activity - Reason: RATE_LIMIT_EXCEEDED
2026-01-31T23:38:43.914Z - SUSPICIOUS: ::1 -> /api/admin/suspicious-activity - Reason: RATE_LIMIT_EXCEEDED
2026-01-31T23:38:44.262Z - SUSPICIOUS: ::1 -> /api/admin/suspicious-activity - Reason: RATE_LIMIT_EXCEEDED
2026-01-31T23:38:44.632Z - SUSPICIOUS: ::1 -> /api/admin/suspicious-activity - Reason: RATE_LIMIT_EXCEEDED
2026-01-31T23:38:44.662Z - SUSPICIOUS: ::1 -> /api/admin/suspicious-activity - Reason: RATE_LIMIT_EXCEEDED
2026-01-31T23:38:50.552Z - SUSPICIOUS: ::1 -> /api/admin/blocked-ips - Reason: RATE_LIMIT_EXCEEDED
2026-01-31T23:38:50.570Z - SUSPICIOUS: ::1 -> /api/admin/suspicious-activity - Reason: RATE_LIMIT_EXCEEDED
2026-01-31T23:38:50.610Z - SUSPICIOUS: ::1 -> /api/admin/suspicious-activity - Reason: RATE_LIMIT_EXCEEDED
2026-01-31T23:38:50.648Z - SUSPICIOUS: ::1 -> /api/admin/suspicious-activity - Reason: RATE_LIMIT_EXCEEDED
2026-01-31T23:38:50.652Z - SUSPICIOUS: ::1 -> /api/admin/suspicious-activity - Reason: RATE_LIMIT_EXCEEDED
2026-01-31T23:38:50.695Z - SUSPICIOUS: ::1 -> /api/admin/suspicious-activity - Reason: RATE_LIMIT_EXCEEDED
2026-01-31T23:38:53.145Z - SUSPICIOUS: ::1 -> /api/admin/suspicious-activity - Reason: RATE_LIMIT_EXCEEDED
2026-01-31T23:38:53.148Z - SUSPICIOUS: ::1 -> /api/admin/log-request - Reason: RATE_LIMIT_EXCEEDED
2026-01-31T23:38:53.621Z - SUSPICIOUS: ::1 -> /api/admin/log-request - Reason: RATE_LIMIT_EXCEEDED
2026-01-31T23:38:53.940Z - SUSPICIOUS: ::1 -> /api/admin/suspicious-activity - Reason: RATE_LIMIT_EXCEEDED
2026-01-31T23:39:00.348Z - SUSPICIOUS: ::1 -> /api/admin/suspicious-activity - Reason: RATE_LIMIT_EXCEEDED
2026-01-31T23:39:00.368Z - SUSPICIOUS: ::1 -> /api/admin/suspicious-activity - Reason: RATE_LIMIT_EXCEEDED
2026-01-31T23:39:01.204Z - SUSPICIOUS: ::1 -> /api/admin/suspicious-activity - Reason: RATE_LIMIT_EXCEEDED
2026-01-31T23:39:01.247Z - SUSPICIOUS: ::1 -> /api/admin/suspicious-activity - Reason: RATE_LIMIT_EXCEEDED
2026-01-31T23:39:03.948Z - SUSPICIOUS: ::1 -> /api/admin/suspicious-activity - Reason: RATE_LIMIT_EXCEEDED
2026-01-31T23:39:04.068Z - SUSPICIOUS: ::1 -> /api/admin/log-request - Reason: RATE_LIMIT_EXCEEDED
2026-01-31T23:39:04.602Z - SUSPICIOUS: ::1 -> /api/admin/log-request - Reason: RATE_LIMIT_EXCEEDED
2026-01-31T23:39:05.000Z - SUSPICIOUS: ::1 -> /api/admin/suspicious-activity - Reason: RATE_LIMIT_EXCEEDED
2026-01-31T23:39:07.127Z - SUSPICIOUS: ::1 -> /api/admin/suspicious-activity - Reason: RATE_LIMIT_EXCEEDED
2026-01-31T23:39:07.162Z - SUSPICIOUS: ::1 -> /api/admin/suspicious-activity - Reason: RATE_LIMIT_EXCEEDED
2026-01-31T23:39:09.830Z - SUSPICIOUS: ::1 -> /api/admin/suspicious-activity - Reason: RATE_LIMIT_EXCEEDED
2026-01-31T23:39:09.973Z - SUSPICIOUS: ::1 -> /api/admin/suspicious-activity - Reason: RATE_LIMIT_EXCEEDED
2026-01-31T23:39:10.195Z - SUSPICIOUS: ::1 -> /api/admin/suspicious-activity - Reason: RATE_LIMIT_EXCEEDED
2026-01-31T23:39:10.232Z - SUSPICIOUS: ::1 -> /api/admin/suspicious-activity - Reason: RATE_LIMIT_EXCEEDED
2026-01-31T23:39:09.985Z - SUSPICIOUS: ::1 -> /api/admin/suspicious-activity - Reason: RATE_LIMIT_EXCEEDED
2026-01-31T23:39:10.207Z - SUSPICIOUS: ::1 -> /api/admin/suspicious-activity - Reason: RATE_LIMIT_EXCEEDED
2026-01-31T23:39:12.560Z - SUSPICIOUS: ::1 -> /api/admin/suspicious-activity - Reason: RATE_LIMIT_EXCEEDED
2026-01-31T23:39:12.633Z - SUSPICIOUS: ::1 -> /api/admin/suspicious-activity - Reason: RATE_LIMIT_EXCEEDED
2026-01-31T23:39:12.859Z - SUSPICIOUS: ::1 -> /api/admin/suspicious-activity - Reason: RATE_LIMIT_EXCEEDED
2026-01-31T23:39:12.874Z - SUSPICIOUS: ::1 -> /api/admin/suspicious-activity - Reason: RATE_LIMIT_EXCEEDED
2026-01-31T23:39:14.014Z - SUSPICIOUS: ::1 -> /api/admin/suspicious-activity - Reason: RATE_LIMIT_EXCEEDED
2026-01-31T23:39:14.085Z - SUSPICIOUS: ::1 -> /api/admin/suspicious-activity - Reason: RATE_LIMIT_EXCEEDED
2026-01-31T23:39:14.929Z - SUSPICIOUS: ::1 -> /api/admin/suspicious-activity - Reason: RATE_LIMIT_EXCEEDED
2026-01-31T23:39:15.041Z - SUSPICIOUS: ::1 -> /api/admin/suspicious-activity - Reason: RATE_LIMIT_EXCEEDED
2026-01-31T23:39:15.047Z - SUSPICIOUS: ::1 -> /api/admin/suspicious-activity - Reason: RATE_LIMIT_EXCEEDED
2026-01-31T23:39:15.112Z - SUSPICIOUS: ::1 -> /api/admin/suspicious-activity - Reason: RATE_LIMIT_EXCEEDED
2026-01-31T23:39:15.942Z - SUSPICIOUS: ::1 -> /api/admin/log-request - Reason: RATE_LIMIT_EXCEEDED
2026-01-31T23:39:11.513Z - SUSPICIOUS: ::1 -> /api/admin/suspicious-activity - Reason: RATE_LIMIT_EXCEEDED
2026-01-31T23:39:16.173Z - SUSPICIOUS: ::1 -> /api/admin/log-request - Reason: RATE_LIMIT_EXCEEDED
2026-01-31T23:39:16.708Z - SUSPICIOUS: ::1 -> /api/admin/suspicious-activity - Reason: RATE_LIMIT_EXCEEDED
2026-01-31T23:39:16.734Z - SUSPICIOUS: ::1 -> /api/admin/suspicious-activity - Reason: RATE_LIMIT_EXCEEDED
2026-01-31T23:39:19.277Z - SUSPICIOUS: ::1 -> /api/admin/suspicious-activity - Reason: RATE_LIMIT_EXCEEDED
2026-01-31T23:39:19.568Z - SUSPICIOUS: ::1 -> /api/admin/suspicious-activity - Reason: RATE_LIMIT_EXCEEDED
2026-01-31T23:39:19.779Z - SUSPICIOUS: ::1 -> /api/admin/suspicious-activity - Reason: RATE_LIMIT_EXCEEDED
2026-01-31T23:39:19.895Z - SUSPICIOUS: ::1 -> /api/admin/suspicious-activity - Reason: RATE_LIMIT_EXCEEDED
2026-01-31T23:39:19.798Z - SUSPICIOUS: ::1 -> /api/admin/suspicious-activity - Reason: RATE_LIMIT_EXCEEDED
2026-01-31T23:39:20.143Z - SUSPICIOUS: ::1 -> /api/admin/suspicious-activity - Reason: RATE_LIMIT_EXCEEDED
2026-01-31T23:39:20.148Z - SUSPICIOUS: ::1 -> /api/admin/suspicious-activity - Reason: RATE_LIMIT_EXCEEDED
2026-01-31T23:39:20.168Z - SUSPICIOUS: ::1 -> /api/admin/suspicious-activity - Reason: RATE_LIMIT_EXCEEDED
2026-01-31T23:39:20.228Z - SUSPICIOUS: ::1 -> /api/admin/suspicious-activity - Reason: RATE_LIMIT_EXCEEDED
2026-01-31T23:39:23.791Z - SUSPICIOUS: ::1 -> /api/admin/log-request - Reason: RATE_LIMIT_EXCEEDED
2026-01-31T23:39:24.431Z - SUSPICIOUS: ::1 -> /api/admin/suspicious-activity - Reason: RATE_LIMIT_EXCEEDED
2026-01-31T23:39:24.568Z - SUSPICIOUS: ::1 -> /api/admin/log-request - Reason: RATE_LIMIT_EXCEEDED
2026-01-31T23:39:24.700Z - SUSPICIOUS: ::1 -> /api/admin/log-request - Reason: RATE_LIMIT_EXCEEDED
2026-01-31T23:39:24.822Z - SUSPICIOUS: ::1 -> /api/admin/suspicious-activity - Reason: RATE_LIMIT_EXCEEDED
2026-01-31T23:39:25.133Z - SUSPICIOUS: ::1 -> /api/admin/suspicious-activity - Reason: RATE_LIMIT_EXCEEDED
2026-01-31T23:39:25.144Z - SUSPICIOUS: ::1 -> /api/admin/suspicious-activity - Reason: RATE_LIMIT_EXCEEDED
2026-01-31T23:39:25.173Z - SUSPICIOUS: ::1 -> /api/admin/suspicious-activity - Reason: RATE_LIMIT_EXCEEDED
2026-01-31T23:39:25.303Z - SUSPICIOUS: ::1 -> /api/admin/suspicious-activity - Reason: RATE_LIMIT_EXCEEDED
2026-01-31T23:39:25.342Z - SUSPICIOUS: ::1 -> /api/admin/suspicious-activity - Reason: RATE_LIMIT_EXCEEDED
2026-01-31T23:39:25.427Z - SUSPICIOUS: ::1 -> /api/admin/suspicious-activity - Reason: RATE_LIMIT_EXCEEDED
2026-01-31T23:39:25.505Z - SUSPICIOUS: ::1 -> /api/admin/suspicious-activity - Reason: RATE_LIMIT_EXCEEDED
2026-01-31T23:39:25.508Z - SUSPICIOUS: ::1 -> /api/admin/suspicious-activity - Reason: RATE_LIMIT_EXCEEDED
2026-01-31T23:39:26.187Z - SUSPICIOUS: ::1 -> /api/admin/suspicious-activity - Reason: RATE_LIMIT_EXCEEDED
2026-01-31T23:39:26.202Z - SUSPICIOUS: ::1 -> /api/admin/suspicious-activity - Reason: RATE_LIMIT_EXCEEDED
2026-01-31T23:39:31.170Z - SUSPICIOUS: ::1 -> /api/admin/suspicious-activity - Reason: RATE_LIMIT_EXCEEDED
2026-01-31T23:39:31.182Z - SUSPICIOUS: ::1 -> /api/admin/suspicious-activity - Reason: RATE_LIMIT_EXCEEDED
2026-01-31T23:39:32.027Z - SUSPICIOUS: ::1 -> /api/admin/suspicious-activity - Reason: RATE_LIMIT_EXCEEDED
2026-01-31T23:39:32.044Z - SUSPICIOUS: ::1 -> /api/admin/suspicious-activity - Reason: RATE_LIMIT_EXCEEDED
2026-01-31T23:39:33.945Z - SUSPICIOUS: ::1 -> /api/admin/suspicious-activity - Reason: RATE_LIMIT_EXCEEDED
2026-01-31T23:39:34.008Z - SUSPICIOUS: ::1 -> /api/admin/log-request - Reason: RATE_LIMIT_EXCEEDED
2026-01-31T23:39:34.394Z - SUSPICIOUS: ::1 -> /api/admin/log-request - Reason: RATE_LIMIT_EXCEEDED
2026-01-31T23:39:34.703Z - SUSPICIOUS: ::1 -> /api/admin/suspicious-activity - Reason: RATE_LIMIT_EXCEEDED
2026-01-31T23:39:37.112Z - SUSPICIOUS: ::1 -> /api/admin/suspicious-activity - Reason: RATE_LIMIT_EXCEEDED
2026-01-31T23:39:37.145Z - SUSPICIOUS: ::1 -> /api/admin/suspicious-activity - Reason: RATE_LIMIT_EXCEEDED
2026-01-31T23:39:40.924Z - SUSPICIOUS: ::1 -> /api/admin/suspicious-activity - Reason: RATE_LIMIT_EXCEEDED
2026-01-31T23:39:40.938Z - SUSPICIOUS: ::1 -> /api/admin/suspicious-activity - Reason: RATE_LIMIT_EXCEEDED
2026-01-31T23:39:42.042Z - SUSPICIOUS: ::1 -> /api/admin/suspicious-activity - Reason: RATE_LIMIT_EXCEEDED
2026-01-31T23:39:42.070Z - SUSPICIOUS: ::1 -> /api/admin/suspicious-activity - Reason: RATE_LIMIT_EXCEEDED
2026-01-31T23:39:44.151Z - SUSPICIOUS: ::1 -> /api/admin/log-request - Reason: RATE_LIMIT_EXCEEDED
2026-01-31T23:39:44.164Z - SUSPICIOUS: ::1 -> /api/admin/suspicious-activity - Reason: RATE_LIMIT_EXCEEDED
2026-01-31T23:39:44.680Z - SUSPICIOUS: ::1 -> /api/admin/log-request - Reason: RATE_LIMIT_EXCEEDED
2026-01-31T23:39:45.097Z - SUSPICIOUS: ::1 -> /api/admin/suspicious-activity - Reason: RATE_LIMIT_EXCEEDED
2026-01-31T23:39:45.779Z - SUSPICIOUS: ::1 -> /api/admin/suspicious-activity - Reason: RATE_LIMIT_EXCEEDED
2026-01-31T23:39:45.787Z - SUSPICIOUS: ::1 -> /api/admin/suspicious-activity - Reason: RATE_LIMIT_EXCEEDED
2026-01-31T23:39:45.934Z - SUSPICIOUS: ::1 -> /api/admin/suspicious-activity - Reason: RATE_LIMIT_EXCEEDED
2026-01-31T23:39:45.940Z - SUSPICIOUS: ::1 -> /api/admin/suspicious-activity - Reason: RATE_LIMIT_EXCEEDED
2026-01-31T23:39:46.081Z - SUSPICIOUS: ::1 -> /api/admin/suspicious-activity - Reason: RATE_LIMIT_EXCEEDED
2026-01-31T23:39:46.052Z - SUSPICIOUS: ::1 -> /api/admin/suspicious-activity - Reason: RATE_LIMIT_EXCEEDED
2026-01-31T23:39:46.058Z - SUSPICIOUS: ::1 -> /api/admin/suspicious-activity - Reason: RATE_LIMIT_EXCEEDED
2026-01-31T23:39:46.087Z - SUSPICIOUS: ::1 -> /api/admin/suspicious-activity - Reason: RATE_LIMIT_EXCEEDED
2026-01-31T23:39:46.267Z - SUSPICIOUS: ::1 -> /api/admin/suspicious-activity - Reason: RATE_LIMIT_EXCEEDED
2026-01-31T23:39:46.270Z - SUSPICIOUS: ::1 -> /api/admin/suspicious-activity - Reason: RATE_LIMIT_EXCEEDED
2026-01-31T23:39:46.273Z - SUSPICIOUS: ::1 -> /api/admin/suspicious-activity - Reason: RATE_LIMIT_EXCEEDED
2026-01-31T23:39:46.315Z - SUSPICIOUS: ::1 -> /api/admin/suspicious-activity - Reason: RATE_LIMIT_EXCEEDED
2026-01-31T23:39:47.689Z - SUSPICIOUS: ::1 -> /api/admin/suspicious-activity - Reason: RATE_LIMIT_EXCEEDED
2026-01-31T23:39:47.808Z - SUSPICIOUS: ::1 -> /api/admin/suspicious-activity - Reason: RATE_LIMIT_EXCEEDED
2026-01-31T23:39:47.833Z - SUSPICIOUS: ::1 -> /api/admin/suspicious-activity - Reason: RATE_LIMIT_EXCEEDED
2026-01-31T23:39:47.812Z - SUSPICIOUS: ::1 -> /api/admin/suspicious-activity - Reason: RATE_LIMIT_EXCEEDED
2026-01-31T23:39:48.012Z - SUSPICIOUS: ::1 -> /api/admin/suspicious-activity - Reason: RATE_LIMIT_EXCEEDED
2026-01-31T23:39:47.969Z - SUSPICIOUS: ::1 -> /api/admin/suspicious-activity - Reason: RATE_LIMIT_EXCEEDED
2026-01-31T23:39:48.066Z - SUSPICIOUS: ::1 -> /api/admin/suspicious-activity - Reason: RATE_LIMIT_EXCEEDED
2026-01-31T23:39:47.991Z - SUSPICIOUS: ::1 -> /api/admin/suspicious-activity - Reason: RATE_LIMIT_EXCEEDED
2026-01-31T23:39:48.073Z - SUSPICIOUS: ::1 -> /api/admin/suspicious-activity - Reason: RATE_LIMIT_EXCEEDED
2026-01-31T23:39:48.071Z - SUSPICIOUS: ::1 -> /api/admin/suspicious-activity - Reason: RATE_LIMIT_EXCEEDED
2026-01-31T23:39:50.785Z - SUSPICIOUS: ::1 -> /api/admin/suspicious-activity - Reason: RATE_LIMIT_EXCEEDED
2026-01-31T23:39:50.801Z - SUSPICIOUS: ::1 -> /api/admin/suspicious-activity - Reason: RATE_LIMIT_EXCEEDED
2026-01-31T23:39:50.790Z - SUSPICIOUS: ::1 -> /api/admin/suspicious-activity - Reason: RATE_LIMIT_EXCEEDED
2026-01-31T23:39:50.788Z - SUSPICIOUS: ::1 -> /api/admin/suspicious-activity - Reason: RATE_LIMIT_EXCEEDED
2026-01-31T23:39:50.877Z - SUSPICIOUS: ::1 -> /api/admin/suspicious-activity - Reason: RATE_LIMIT_EXCEEDED
2026-01-31T23:39:50.874Z - SUSPICIOUS: ::1 -> /api/admin/suspicious-activity - Reason: RATE_LIMIT_EXCEEDED
2026-01-31T23:39:50.879Z - SUSPICIOUS: ::1 -> /api/admin/suspicious-activity - Reason: RATE_LIMIT_EXCEEDED
2026-01-31T23:39:50.881Z - SUSPICIOUS: ::1 -> /api/admin/suspicious-activity - Reason: RATE_LIMIT_EXCEEDED
2026-01-31T23:39:55.948Z - SUSPICIOUS: ::1 -> /api/admin/suspicious-activity - Reason: RATE_LIMIT_EXCEEDED
2026-01-31T23:39:55.958Z - SUSPICIOUS: ::1 -> /api/admin/suspicious-activity - Reason: RATE_LIMIT_EXCEEDED
2026-01-31T23:39:55.952Z - SUSPICIOUS: ::1 -> /api/admin/suspicious-activity - Reason: RATE_LIMIT_EXCEEDED
2026-01-31T23:39:55.984Z - SUSPICIOUS: ::1 -> /api/admin/suspicious-activity - Reason: RATE_LIMIT_EXCEEDED
2026-01-31T23:39:56.063Z - SUSPICIOUS: ::1 -> /api/admin/suspicious-activity - Reason: RATE_LIMIT_EXCEEDED
2026-01-31T23:39:56.414Z - SUSPICIOUS: ::1 -> /api/admin/suspicious-activity - Reason: RATE_LIMIT_EXCEEDED
2026-01-31T23:39:56.504Z - SUSPICIOUS: ::1 -> /api/admin/suspicious-activity - Reason: RATE_LIMIT_EXCEEDED
2026-01-31T23:39:56.558Z - SUSPICIOUS: ::1 -> /api/admin/suspicious-activity - Reason: RATE_LIMIT_EXCEEDED
2026-01-31T23:39:57.264Z - SUSPICIOUS: ::1 -> /api/admin/log-request - Reason: RATE_LIMIT_EXCEEDED
2026-01-31T23:40:00.951Z - SUSPICIOUS: ::1 -> /api/admin/suspicious-activity - Reason: RATE_LIMIT_EXCEEDED
2026-01-31T23:40:00.956Z - SUSPICIOUS: ::1 -> /api/admin/suspicious-activity - Reason: RATE_LIMIT_EXCEEDED
2026-01-31T23:40:00.992Z - SUSPICIOUS: ::1 -> /api/admin/suspicious-activity - Reason: RATE_LIMIT_EXCEEDED
2026-01-31T23:40:01.034Z - SUSPICIOUS: ::1 -> /api/admin/suspicious-activity - Reason: RATE_LIMIT_EXCEEDED
2026-01-31T23:40:01.134Z - SUSPICIOUS: ::1 -> /api/admin/suspicious-activity - Reason: RATE_LIMIT_EXCEEDED
2026-01-31T23:40:01.144Z - SUSPICIOUS: ::1 -> /api/admin/suspicious-activity - Reason: RATE_LIMIT_EXCEEDED
2026-01-31T23:40:01.146Z - SUSPICIOUS: ::1 -> /api/admin/suspicious-activity - Reason: RATE_LIMIT_EXCEEDED
2026-01-31T23:40:01.140Z - SUSPICIOUS: ::1 -> /api/admin/suspicious-activity - Reason: RATE_LIMIT_EXCEEDED
2026-01-31T23:40:01.692Z - SUSPICIOUS: ::1 -> /api/admin/suspicious-activity - Reason: RATE_LIMIT_EXCEEDED
2026-01-31T23:40:01.757Z - SUSPICIOUS: ::1 -> /api/admin/suspicious-activity - Reason: RATE_LIMIT_EXCEEDED
2026-01-31T23:40:02.504Z - SUSPICIOUS: ::1 -> /api/admin/suspicious-activity - Reason: RATE_LIMIT_EXCEEDED
2026-01-31T23:40:02.554Z - SUSPICIOUS: ::1 -> /api/admin/suspicious-activity - Reason: RATE_LIMIT_EXCEEDED
2026-01-31T23:40:05.693Z - SUSPICIOUS: ::ffff:127.0.0.1 -> /api/admin/filter-stats - Reason: RATE_LIMIT_EXCEEDED
2026-01-31T23:40:06.035Z - SUSPICIOUS: ::1 -> /api/admin/suspicious-activity - Reason: RATE_LIMIT_EXCEEDED
2026-01-31T23:40:06.149Z - SUSPICIOUS: ::1 -> /api/admin/suspicious-activity - Reason: RATE_LIMIT_EXCEEDED
2026-01-31T23:40:06.060Z - SUSPICIOUS: ::1 -> /api/admin/suspicious-activity - Reason: RATE_LIMIT_EXCEEDED
2026-01-31T23:40:06.048Z - SUSPICIOUS: ::1 -> /api/admin/suspicious-activity - Reason: RATE_LIMIT_EXCEEDED
2026-01-31T23:40:06.228Z - SUSPICIOUS: ::1 -> /api/admin/suspicious-activity - Reason: RATE_LIMIT_EXCEEDED
2026-01-31T23:40:06.223Z - SUSPICIOUS: ::1 -> /api/admin/suspicious-activity - Reason: RATE_LIMIT_EXCEEDED
2026-01-31T23:40:06.291Z - SUSPICIOUS: ::1 -> /api/admin/suspicious-activity - Reason: RATE_LIMIT_EXCEEDED
2026-01-31T23:40:06.286Z - SUSPICIOUS: ::1 -> /api/admin/suspicious-activity - Reason: RATE_LIMIT_EXCEEDED
2026-01-31T23:40:07.263Z - SUSPICIOUS: ::1 -> /api/admin/suspicious-activity - Reason: RATE_LIMIT_EXCEEDED
2026-01-31T23:40:07.505Z - SUSPICIOUS: ::1 -> /api/admin/suspicious-activity - Reason: RATE_LIMIT_EXCEEDED
2026-01-31T23:40:07.509Z - SUSPICIOUS: ::1 -> /api/admin/suspicious-activity - Reason: RATE_LIMIT_EXCEEDED
2026-01-31T23:40:08.315Z - SUSPICIOUS: ::1 -> /api/admin/log-request - Reason: RATE_LIMIT_EXCEEDED
2026-01-31T23:40:08.523Z - SUSPICIOUS: ::1 -> /api/admin/suspicious-activity - Reason: RATE_LIMIT_EXCEEDED
2026-01-31T23:40:08.581Z - SUSPICIOUS: ::1 -> /api/admin/suspicious-activity - Reason: RATE_LIMIT_EXCEEDED
2026-01-31T23:40:08.972Z - SUSPICIOUS: ::1 -> /api/admin/suspicious-activity - Reason: RATE_LIMIT_EXCEEDED
2026-01-31T23:40:09.417Z - SUSPICIOUS: ::1 -> /api/admin/suspicious-activity - Reason: RATE_LIMIT_EXCEEDED
2026-01-31T23:40:09.810Z - SUSPICIOUS: ::1 -> /api/admin/suspicious-activity - Reason: RATE_LIMIT_EXCEEDED
2026-01-31T23:40:10.943Z - SUSPICIOUS: ::1 -> /api/admin/suspicious-activity - Reason: RATE_LIMIT_EXCEEDED
2026-01-31T23:40:11.005Z - SUSPICIOUS: ::1 -> /api/admin/suspicious-activity - Reason: RATE_LIMIT_EXCEEDED
2026-01-31T23:40:10.954Z - SUSPICIOUS: ::1 -> /api/admin/suspicious-activity - Reason: RATE_LIMIT_EXCEEDED
2026-01-31T23:40:11.179Z - SUSPICIOUS: ::1 -> /api/admin/suspicious-activity - Reason: RATE_LIMIT_EXCEEDED
2026-01-31T23:40:10.967Z - SUSPICIOUS: ::1 -> /api/admin/suspicious-activity - Reason: RATE_LIMIT_EXCEEDED
2026-01-31T23:40:11.188Z - SUSPICIOUS: ::1 -> /api/admin/suspicious-activity - Reason: RATE_LIMIT_EXCEEDED
2026-01-31T23:40:11.192Z - SUSPICIOUS: ::1 -> /api/admin/suspicious-activity - Reason: RATE_LIMIT_EXCEEDED
2026-01-31T23:40:11.184Z - SUSPICIOUS: ::1 -> /api/admin/suspicious-activity - Reason: RATE_LIMIT_EXCEEDED
2026-01-31T23:40:12.690Z - SUSPICIOUS: ::1 -> /api/admin/suspicious-activity - Reason: RATE_LIMIT_EXCEEDED
2026-01-31T23:40:12.740Z - SUSPICIOUS: ::1 -> /api/admin/suspicious-activity - Reason: RATE_LIMIT_EXCEEDED
2026-01-31T23:40:16.309Z - SUSPICIOUS: ::1 -> /api/admin/suspicious-activity - Reason: RATE_LIMIT_EXCEEDED
2026-01-31T23:40:16.324Z - SUSPICIOUS: ::1 -> /api/admin/suspicious-activity - Reason: RATE_LIMIT_EXCEEDED
2026-01-31T23:40:16.316Z - SUSPICIOUS: ::1 -> /api/admin/suspicious-activity - Reason: RATE_LIMIT_EXCEEDED
2026-01-31T23:40:16.320Z - SUSPICIOUS: ::1 -> /api/admin/suspicious-activity - Reason: RATE_LIMIT_EXCEEDED
2026-01-31T23:40:16.447Z - SUSPICIOUS: ::1 -> /api/admin/suspicious-activity - Reason: RATE_LIMIT_EXCEEDED
2026-01-31T23:40:16.313Z - SUSPICIOUS: ::1 -> /api/admin/suspicious-activity - Reason: RATE_LIMIT_EXCEEDED
2026-01-31T23:40:16.522Z - SUSPICIOUS: ::1 -> /api/admin/suspicious-activity - Reason: RATE_LIMIT_EXCEEDED
2026-01-31T23:40:16.465Z - SUSPICIOUS: ::1 -> /api/admin/suspicious-activity - Reason: RATE_LIMIT_EXCEEDED
2026-01-31T23:40:16.452Z - SUSPICIOUS: ::1 -> /api/admin/suspicious-activity - Reason: RATE_LIMIT_EXCEEDED
2026-01-31T23:40:18.410Z - SUSPICIOUS: ::1 -> /api/admin/suspicious-activity - Reason: RATE_LIMIT_EXCEEDED
2026-01-31T23:40:18.320Z - SUSPICIOUS: ::1 -> /api/admin/suspicious-activity - Reason: RATE_LIMIT_EXCEEDED
2026-01-31T23:40:18.478Z - SUSPICIOUS: ::1 -> /api/admin/suspicious-activity - Reason: RATE_LIMIT_EXCEEDED
2026-01-31T23:40:19.140Z - SUSPICIOUS: ::1 -> /api/admin/suspicious-activity - Reason: RATE_LIMIT_EXCEEDED
2026-01-31T23:40:19.463Z - SUSPICIOUS: ::1 -> /api/admin/suspicious-activity - Reason: RATE_LIMIT_EXCEEDED
2026-01-31T23:40:19.479Z - SUSPICIOUS: ::1 -> /api/admin/suspicious-activity - Reason: RATE_LIMIT_EXCEEDED
2026-01-31T23:40:19.612Z - SUSPICIOUS: ::1 -> /api/admin/suspicious-activity - Reason: RATE_LIMIT_EXCEEDED
2026-01-31T23:40:19.858Z - SUSPICIOUS: ::1 -> /api/admin/log-request - Reason: RATE_LIMIT_EXCEEDED
2026-01-31T23:40:19.948Z - SUSPICIOUS: ::1 -> /api/admin/log-request - Reason: RATE_LIMIT_EXCEEDED
2026-01-31T23:40:20.835Z - SUSPICIOUS: ::1 -> /api/admin/suspicious-activity - Reason: RATE_LIMIT_EXCEEDED
2026-01-31T23:40:15.579Z - SUSPICIOUS: ::1 -> /api/ip-ban - Reason: RATE_LIMIT_EXCEEDED
2026-01-31T23:40:21.214Z - SUSPICIOUS: ::1 -> /api/admin/suspicious-activity - Reason: RATE_LIMIT_EXCEEDED
2026-01-31T23:40:21.365Z - SUSPICIOUS: ::1 -> /api/admin/suspicious-activity - Reason: RATE_LIMIT_EXCEEDED
2026-01-31T23:40:21.361Z - SUSPICIOUS: ::1 -> /api/admin/suspicious-activity - Reason: RATE_LIMIT_EXCEEDED
2026-01-31T23:40:21.369Z - SUSPICIOUS: ::1 -> /api/admin/suspicious-activity - Reason: RATE_LIMIT_EXCEEDED
2026-01-31T23:40:21.386Z - SUSPICIOUS: ::1 -> /api/admin/suspicious-activity - Reason: RATE_LIMIT_EXCEEDED
2026-01-31T23:40:21.357Z - SUSPICIOUS: ::1 -> /api/admin/suspicious-activity - Reason: RATE_LIMIT_EXCEEDED
2026-01-31T23:40:21.503Z - SUSPICIOUS: ::1 -> /api/admin/suspicious-activity - Reason: RATE_LIMIT_EXCEEDED
2026-01-31T23:40:21.571Z - SUSPICIOUS: ::1 -> /api/admin/suspicious-activity - Reason: RATE_LIMIT_EXCEEDED
2026-01-31T23:40:21.575Z - SUSPICIOUS: ::1 -> /api/admin/suspicious-activity - Reason: RATE_LIMIT_EXCEEDED
2026-01-31T23:40:21.581Z - SUSPICIOUS: ::1 -> /api/admin/suspicious-activity - Reason: RATE_LIMIT_EXCEEDED
2026-01-31T23:40:21.590Z - SUSPICIOUS: ::1 -> /api/admin/suspicious-activity - Reason: RATE_LIMIT_EXCEEDED
2026-01-31T23:40:21.585Z - SUSPICIOUS: ::1 -> /api/admin/suspicious-activity - Reason: RATE_LIMIT_EXCEEDED
2026-01-31T23:40:21.578Z - SUSPICIOUS: ::1 -> /api/admin/suspicious-activity - Reason: RATE_LIMIT_EXCEEDED
2026-01-31T23:40:23.743Z - SUSPICIOUS: ::1 -> /api/admin/blocked-ips - Reason: RATE_LIMIT_EXCEEDED
2026-01-31T23:40:23.777Z - SUSPICIOUS: ::1 -> /api/admin/blocked-ips - Reason: RATE_LIMIT_EXCEEDED
2026-01-31T23:40:23.922Z - SUSPICIOUS: ::1 -> /api/admin/blocked-ips - Reason: RATE_LIMIT_EXCEEDED
2026-01-31T23:40:23.854Z - SUSPICIOUS: ::1 -> /api/admin/suspicious-activity - Reason: RATE_LIMIT_EXCEEDED
2026-01-31T23:40:23.962Z - SUSPICIOUS: ::1 -> /api/admin/suspicious-activity - Reason: RATE_LIMIT_EXCEEDED
2026-01-31T23:40:23.941Z - SUSPICIOUS: ::1 -> /api/admin/blocked-ips - Reason: RATE_LIMIT_EXCEEDED
2026-01-31T23:40:24.127Z - SUSPICIOUS: ::1 -> /api/admin/suspicious-activity - Reason: RATE_LIMIT_EXCEEDED
2026-01-31T23:40:24.095Z - SUSPICIOUS: ::1 -> /api/admin/suspicious-activity - Reason: RATE_LIMIT_EXCEEDED
2026-01-31T23:40:24.116Z - SUSPICIOUS: ::1 -> /api/admin/suspicious-activity - Reason: RATE_LIMIT_EXCEEDED
2026-01-31T23:40:24.358Z - SUSPICIOUS: ::1 -> /api/admin/suspicious-activity - Reason: RATE_LIMIT_EXCEEDED
2026-01-31T23:40:24.372Z - SUSPICIOUS: ::1 -> /api/admin/suspicious-activity - Reason: RATE_LIMIT_EXCEEDED
2026-01-31T23:40:24.347Z - SUSPICIOUS: ::1 -> /api/admin/suspicious-activity - Reason: RATE_LIMIT_EXCEEDED
2026-01-31T23:40:24.527Z - SUSPICIOUS: ::1 -> /api/admin/suspicious-activity - Reason: RATE_LIMIT_EXCEEDED
2026-01-31T23:40:24.539Z - SUSPICIOUS: ::1 -> /api/admin/suspicious-activity - Reason: RATE_LIMIT_EXCEEDED
2026-01-31T23:40:24.530Z - SUSPICIOUS: ::1 -> /api/admin/suspicious-activity - Reason: RATE_LIMIT_EXCEEDED
2026-01-31T23:40:24.389Z - SUSPICIOUS: ::1 -> /api/admin/suspicious-activity - Reason: RATE_LIMIT_EXCEEDED
2026-01-31T23:40:24.647Z - SUSPICIOUS: ::1 -> /api/admin/suspicious-activity - Reason: RATE_LIMIT_EXCEEDED
2026-01-31T23:40:24.662Z - SUSPICIOUS: ::1 -> /api/admin/suspicious-activity - Reason: RATE_LIMIT_EXCEEDED
2026-01-31T23:40:24.656Z - SUSPICIOUS: ::1 -> /api/admin/suspicious-activity - Reason: RATE_LIMIT_EXCEEDED
2026-01-31T23:40:24.841Z - SUSPICIOUS: ::1 -> /api/admin/suspicious-activity - Reason: RATE_LIMIT_EXCEEDED
2026-01-31T23:40:24.847Z - SUSPICIOUS: ::1 -> /api/admin/suspicious-activity - Reason: RATE_LIMIT_EXCEEDED
2026-01-31T23:40:25.972Z - SUSPICIOUS: ::ffff:127.0.0.1 -> /api/admin/filter-stats - Reason: RATE_LIMIT_EXCEEDED
2026-01-31T23:40:26.522Z - SUSPICIOUS: ::1 -> /api/ip-ban - Reason: RATE_LIMIT_EXCEEDED
2026-01-31T23:40:26.530Z - SUSPICIOUS: ::1 -> /api/ip-ban - Reason: RATE_LIMIT_EXCEEDED
2026-01-31T23:40:26.542Z - SUSPICIOUS: ::1 -> /api/ip-ban - Reason: RATE_LIMIT_EXCEEDED
2026-01-31T23:40:26.875Z - SUSPICIOUS: ::1 -> /api/admin/suspicious-activity - Reason: RATE_LIMIT_EXCEEDED
2026-01-31T23:40:27.046Z - SUSPICIOUS: ::1 -> /api/admin/log-request - Reason: RATE_LIMIT_EXCEEDED
2026-01-31T23:40:27.039Z - SUSPICIOUS: ::1 -> /api/admin/log-request - Reason: RATE_LIMIT_EXCEEDED
2026-01-31T23:40:27.024Z - SUSPICIOUS: ::1 -> /api/admin/log-request - Reason: RATE_LIMIT_EXCEEDED
2026-01-31T23:40:27.240Z - SUSPICIOUS: ::1 -> /api/admin/suspicious-activity - Reason: RATE_LIMIT_EXCEEDED
2026-01-31T23:40:27.882Z - SUSPICIOUS: ::1 -> /api/admin/suspicious-activity - Reason: RATE_LIMIT_EXCEEDED
2026-01-31T23:40:29.130Z - SUSPICIOUS: ::1 -> /api/admin/suspicious-activity - Reason: RATE_LIMIT_EXCEEDED
2026-01-31T23:40:29.142Z - SUSPICIOUS: ::1 -> /api/admin/suspicious-activity - Reason: RATE_LIMIT_EXCEEDED
2026-01-31T23:40:29.530Z - SUSPICIOUS: ::1 -> /api/admin/suspicious-activity - Reason: RATE_LIMIT_EXCEEDED
2026-01-31T23:40:29.504Z - SUSPICIOUS: ::1 -> /api/admin/suspicious-activity - Reason: RATE_LIMIT_EXCEEDED
2026-01-31T23:40:30.368Z - SUSPICIOUS: ::1 -> /api/admin/suspicious-activity - Reason: RATE_LIMIT_EXCEEDED
2026-01-31T23:40:30.549Z - SUSPICIOUS: ::1 -> /api/admin/suspicious-activity - Reason: RATE_LIMIT_EXCEEDED
2026-01-31T23:40:30.661Z - SUSPICIOUS: ::1 -> /api/admin/suspicious-activity - Reason: RATE_LIMIT_EXCEEDED
2026-01-31T23:40:31.140Z - SUSPICIOUS: ::1 -> /api/admin/suspicious-activity - Reason: RATE_LIMIT_EXCEEDED
2026-01-31T23:40:31.146Z - SUSPICIOUS: ::1 -> /api/admin/suspicious-activity - Reason: RATE_LIMIT_EXCEEDED
2026-01-31T23:40:31.299Z - SUSPICIOUS: ::1 -> /api/admin/suspicious-activity - Reason: RATE_LIMIT_EXCEEDED
2026-01-31T23:40:31.978Z - SUSPICIOUS: ::1 -> /api/admin/suspicious-activity - Reason: RATE_LIMIT_EXCEEDED
2026-01-31T23:40:32.247Z - SUSPICIOUS: ::1 -> /api/admin/suspicious-activity - Reason: RATE_LIMIT_EXCEEDED
2026-01-31T23:40:32.240Z - SUSPICIOUS: ::1 -> /api/admin/suspicious-activity - Reason: RATE_LIMIT_EXCEEDED
2026-01-31T23:40:32.440Z - SUSPICIOUS: ::1 -> /api/admin/suspicious-activity - Reason: RATE_LIMIT_EXCEEDED
2026-01-31T23:40:32.448Z - SUSPICIOUS: ::1 -> /api/admin/suspicious-activity - Reason: RATE_LIMIT_EXCEEDED
2026-01-31T23:40:32.562Z - SUSPICIOUS: ::1 -> /api/admin/suspicious-activity - Reason: RATE_LIMIT_EXCEEDED
2026-01-31T23:40:25.810Z - SUSPICIOUS: ::ffff:127.0.0.1 -> /api/admin/request-logs - Reason: RATE_LIMIT_EXCEEDED
2026-01-31T23:40:32.937Z - SUSPICIOUS: ::1 -> /api/admin/suspicious-activity - Reason: RATE_LIMIT_EXCEEDED
2026-01-31T23:40:33.019Z - SUSPICIOUS: ::1 -> /api/admin/suspicious-activity - Reason: RATE_LIMIT_EXCEEDED
2026-01-31T23:40:33.114Z - SUSPICIOUS: ::1 -> /api/admin/suspicious-activity - Reason: RATE_LIMIT_EXCEEDED
2026-01-31T23:40:33.768Z - SUSPICIOUS: ::1 -> /api/admin/suspicious-activity - Reason: RATE_LIMIT_EXCEEDED
2026-01-31T23:40:33.957Z - SUSPICIOUS: ::1 -> /api/admin/suspicious-activity - Reason: RATE_LIMIT_EXCEEDED
2026-01-31T23:40:34.595Z - SUSPICIOUS: ::1 -> /api/admin/suspicious-activity - Reason: RATE_LIMIT_EXCEEDED
2026-01-31T23:40:34.865Z - SUSPICIOUS: ::1 -> /api/admin/suspicious-activity - Reason: RATE_LIMIT_EXCEEDED
2026-01-31T23:40:35.071Z - SUSPICIOUS: ::1 -> /api/admin/suspicious-activity - Reason: RATE_LIMIT_EXCEEDED
2026-01-31T23:40:35.226Z - SUSPICIOUS: ::1 -> /api/admin/suspicious-activity - Reason: RATE_LIMIT_EXCEEDED
2026-01-31T23:40:35.233Z - SUSPICIOUS: ::1 -> /api/admin/suspicious-activity - Reason: RATE_LIMIT_EXCEEDED
2026-01-31T23:40:35.241Z - SUSPICIOUS: ::1 -> /api/admin/suspicious-activity - Reason: RATE_LIMIT_EXCEEDED
2026-01-31T23:40:35.342Z - SUSPICIOUS: ::1 -> /api/admin/suspicious-activity - Reason: RATE_LIMIT_EXCEEDED
2026-01-31T23:40:35.441Z - SUSPICIOUS: ::1 -> /api/admin/suspicious-activity - Reason: RATE_LIMIT_EXCEEDED
2026-01-31T23:40:39.358Z - SUSPICIOUS: ::1 -> /api/admin/suspicious-activity - Reason: RATE_LIMIT_EXCEEDED
2026-01-31T23:40:39.607Z - SUSPICIOUS: ::1 -> /api/admin/suspicious-activity - Reason: RATE_LIMIT_EXCEEDED
2026-01-31T23:40:35.944Z - SUSPICIOUS: ::ffff:127.0.0.1 -> /api/admin/realtime-stats - Reason: RATE_LIMIT_EXCEEDED
2026-01-31T23:40:40.286Z - SUSPICIOUS: ::1 -> /api/admin/suspicious-activity - Reason: RATE_LIMIT_EXCEEDED
2026-01-31T23:40:40.295Z - SUSPICIOUS: ::1 -> /api/admin/suspicious-activity - Reason: RATE_LIMIT_EXCEEDED
2026-01-31T23:40:40.381Z - SUSPICIOUS: ::1 -> /api/admin/suspicious-activity - Reason: RATE_LIMIT_EXCEEDED
2026-01-31T23:40:41.101Z - SUSPICIOUS: ::1 -> /api/admin/suspicious-activity - Reason: RATE_LIMIT_EXCEEDED
2026-01-31T23:40:41.137Z - SUSPICIOUS: ::1 -> /api/admin/suspicious-activity - Reason: RATE_LIMIT_EXCEEDED
2026-01-31T23:40:41.171Z - SUSPICIOUS: ::1 -> /api/admin/log-request - Reason: RATE_LIMIT_EXCEEDED
2026-01-31T23:40:41.241Z - SUSPICIOUS: ::1 -> /api/admin/log-request - Reason: RATE_LIMIT_EXCEEDED
2026-01-31T23:40:35.886Z - SUSPICIOUS: ::1 -> /api/ip-ban - Reason: RATE_LIMIT_EXCEEDED
2026-01-31T23:40:41.660Z - SUSPICIOUS: ::1 -> /api/admin/suspicious-activity - Reason: RATE_LIMIT_EXCEEDED
2026-01-31T23:40:41.710Z - SUSPICIOUS: ::1 -> /api/admin/suspicious-activity - Reason: RATE_LIMIT_EXCEEDED
2026-01-31T23:40:41.738Z - SUSPICIOUS: ::1 -> /api/admin/suspicious-activity - Reason: RATE_LIMIT_EXCEEDED
2026-01-31T23:40:35.896Z - SUSPICIOUS: ::1 -> /api/ip-ban - Reason: RATE_LIMIT_EXCEEDED
2026-01-31T23:40:41.818Z - SUSPICIOUS: ::1 -> /api/admin/suspicious-activity - Reason: RATE_LIMIT_EXCEEDED
2026-01-31T23:40:42.343Z - SUSPICIOUS: ::1 -> /api/admin/suspicious-activity - Reason: RATE_LIMIT_EXCEEDED
2026-01-31T23:40:42.438Z - SUSPICIOUS: ::1 -> /api/admin/suspicious-activity - Reason: RATE_LIMIT_EXCEEDED
2026-01-31T23:40:42.970Z - SUSPICIOUS: ::1 -> /api/admin/suspicious-activity - Reason: RATE_LIMIT_EXCEEDED
2026-01-31T23:40:43.053Z - SUSPICIOUS: ::1 -> /api/admin/suspicious-activity - Reason: RATE_LIMIT_EXCEEDED
2026-01-31T23:40:43.511Z - SUSPICIOUS: ::1 -> /api/admin/suspicious-activity - Reason: RATE_LIMIT_EXCEEDED
2026-01-31T23:40:43.562Z - SUSPICIOUS: ::1 -> /api/admin/suspicious-activity - Reason: RATE_LIMIT_EXCEEDED
2026-01-31T23:40:43.917Z - SUSPICIOUS: ::1 -> /api/admin/suspicious-activity - Reason: RATE_LIMIT_EXCEEDED
2026-01-31T23:40:43.955Z - SUSPICIOUS: ::1 -> /api/admin/suspicious-activity - Reason: RATE_LIMIT_EXCEEDED
2026-01-31T23:40:44.391Z - SUSPICIOUS: ::1 -> /api/admin/suspicious-activity - Reason: RATE_LIMIT_EXCEEDED
2026-01-31T23:40:44.387Z - SUSPICIOUS: ::1 -> /api/admin/suspicious-activity - Reason: RATE_LIMIT_EXCEEDED
2026-01-31T23:40:44.448Z - SUSPICIOUS: ::1 -> /api/admin/suspicious-activity - Reason: RATE_LIMIT_EXCEEDED
2026-01-31T23:40:44.453Z - SUSPICIOUS: ::1 -> /api/admin/suspicious-activity - Reason: RATE_LIMIT_EXCEEDED
2026-01-31T23:40:45.192Z - SUSPICIOUS: ::1 -> /api/admin/suspicious-activity - Reason: RATE_LIMIT_EXCEEDED
2026-01-31T23:40:45.215Z - SUSPICIOUS: ::1 -> /api/admin/suspicious-activity - Reason: RATE_LIMIT_EXCEEDED
2026-01-31T23:40:45.485Z - SUSPICIOUS: ::1 -> /api/admin/suspicious-activity - Reason: RATE_LIMIT_EXCEEDED
2026-01-31T23:40:45.516Z - SUSPICIOUS: ::1 -> /api/admin/suspicious-activity - Reason: RATE_LIMIT_EXCEEDED
2026-01-31T23:40:45.919Z - SUSPICIOUS: ::1 -> /api/admin/suspicious-activity - Reason: RATE_LIMIT_EXCEEDED
2026-01-31T23:40:45.947Z - SUSPICIOUS: ::1 -> /api/admin/suspicious-activity - Reason: RATE_LIMIT_EXCEEDED
2026-01-31T23:40:48.315Z - SUSPICIOUS: ::1 -> /api/admin/log-request - Reason: RATE_LIMIT_EXCEEDED
2026-01-31T23:40:48.319Z - SUSPICIOUS: ::1 -> /api/admin/suspicious-activity - Reason: RATE_LIMIT_EXCEEDED
2026-01-31T23:40:48.710Z - SUSPICIOUS: ::1 -> /api/admin/suspicious-activity - Reason: RATE_LIMIT_EXCEEDED
2026-01-31T23:40:48.740Z - SUSPICIOUS: ::1 -> /api/admin/suspicious-activity - Reason: RATE_LIMIT_EXCEEDED
2026-01-31T23:40:48.853Z - SUSPICIOUS: ::1 -> /api/admin/log-request - Reason: RATE_LIMIT_EXCEEDED
2026-01-31T23:40:49.155Z - SUSPICIOUS: ::1 -> /api/admin/suspicious-activity - Reason: RATE_LIMIT_EXCEEDED
2026-01-31T23:40:49.129Z - SUSPICIOUS: ::1 -> /api/admin/suspicious-activity - Reason: RATE_LIMIT_EXCEEDED
2026-01-31T23:40:49.383Z - SUSPICIOUS: ::1 -> /api/admin/suspicious-activity - Reason: RATE_LIMIT_EXCEEDED
2026-01-31T23:40:49.441Z - SUSPICIOUS: ::1 -> /api/admin/suspicious-activity - Reason: RATE_LIMIT_EXCEEDED
2026-01-31T23:40:49.677Z - SUSPICIOUS: ::1 -> /api/admin/suspicious-activity - Reason: RATE_LIMIT_EXCEEDED
2026-01-31T23:40:49.710Z - SUSPICIOUS: ::1 -> /api/admin/suspicious-activity - Reason: RATE_LIMIT_EXCEEDED
2026-01-31T23:40:50.034Z - SUSPICIOUS: ::1 -> /api/admin/suspicious-activity - Reason: RATE_LIMIT_EXCEEDED
2026-01-31T23:40:50.063Z - SUSPICIOUS: ::1 -> /api/admin/suspicious-activity - Reason: RATE_LIMIT_EXCEEDED
2026-01-31T23:40:50.718Z - SUSPICIOUS: ::1 -> /api/admin/suspicious-activity - Reason: RATE_LIMIT_EXCEEDED
2026-01-31T23:40:50.804Z - SUSPICIOUS: ::1 -> /api/admin/suspicious-activity - Reason: RATE_LIMIT_EXCEEDED
2026-01-31T23:40:52.536Z - SUSPICIOUS: ::1 -> /api/admin/suspicious-activity - Reason: RATE_LIMIT_EXCEEDED
2026-01-31T23:40:52.720Z - SUSPICIOUS: ::1 -> /api/admin/suspicious-activity - Reason: RATE_LIMIT_EXCEEDED
2026-01-31T23:40:52.667Z - SUSPICIOUS: ::1 -> /api/admin/suspicious-activity - Reason: RATE_LIMIT_EXCEEDED
2026-01-31T23:40:52.790Z - SUSPICIOUS: ::1 -> /api/admin/suspicious-activity - Reason: RATE_LIMIT_EXCEEDED
2026-01-31T23:40:52.860Z - SUSPICIOUS: ::1 -> /api/admin/suspicious-activity - Reason: RATE_LIMIT_EXCEEDED
2026-01-31T23:40:52.872Z - SUSPICIOUS: ::1 -> /api/admin/suspicious-activity - Reason: RATE_LIMIT_EXCEEDED
2026-01-31T23:40:52.866Z - SUSPICIOUS: ::1 -> /api/admin/suspicious-activity - Reason: RATE_LIMIT_EXCEEDED
2026-01-31T23:40:53.023Z - SUSPICIOUS: ::1 -> /api/admin/suspicious-activity - Reason: RATE_LIMIT_EXCEEDED
2026-01-31T23:40:53.030Z - SUSPICIOUS: ::1 -> /api/admin/suspicious-activity - Reason: RATE_LIMIT_EXCEEDED
2026-01-31T23:40:53.093Z - SUSPICIOUS: ::1 -> /api/admin/suspicious-activity - Reason: RATE_LIMIT_EXCEEDED
2026-01-31T23:40:54.328Z - SUSPICIOUS: ::1 -> /api/admin/blocked-ips - Reason: RATE_LIMIT_EXCEEDED
2026-01-31T23:40:54.358Z - SUSPICIOUS: ::1 -> /api/admin/suspicious-activity - Reason: RATE_LIMIT_EXCEEDED
2026-01-31T23:40:54.420Z - SUSPICIOUS: ::1 -> /api/admin/suspicious-activity - Reason: RATE_LIMIT_EXCEEDED
2026-01-31T23:40:54.490Z - SUSPICIOUS: ::1 -> /api/admin/suspicious-activity - Reason: RATE_LIMIT_EXCEEDED
2026-01-31T23:40:54.547Z - SUSPICIOUS: ::1 -> /api/admin/blocked-ips - Reason: RATE_LIMIT_EXCEEDED
2026-01-31T23:40:54.504Z - SUSPICIOUS: ::1 -> /api/admin/suspicious-activity - Reason: RATE_LIMIT_EXCEEDED
2026-01-31T23:40:54.628Z - SUSPICIOUS: ::1 -> /api/admin/blocked-ips - Reason: RATE_LIMIT_EXCEEDED
2026-01-31T23:40:54.820Z - SUSPICIOUS: ::1 -> /api/admin/suspicious-activity - Reason: RATE_LIMIT_EXCEEDED
2026-01-31T23:40:54.790Z - SUSPICIOUS: ::1 -> /api/admin/suspicious-activity - Reason: RATE_LIMIT_EXCEEDED
2026-01-31T23:40:54.798Z - SUSPICIOUS: ::1 -> /api/admin/suspicious-activity - Reason: RATE_LIMIT_EXCEEDED
2026-01-31T23:40:54.997Z - SUSPICIOUS: ::1 -> /api/admin/suspicious-activity - Reason: RATE_LIMIT_EXCEEDED
2026-01-31T23:40:54.981Z - SUSPICIOUS: ::1 -> /api/admin/suspicious-activity - Reason: RATE_LIMIT_EXCEEDED
2026-01-31T23:40:55.175Z - SUSPICIOUS: ::1 -> /api/admin/suspicious-activity - Reason: RATE_LIMIT_EXCEEDED
2026-01-31T23:40:55.191Z - SUSPICIOUS: ::1 -> /api/admin/suspicious-activity - Reason: RATE_LIMIT_EXCEEDED
2026-01-31T23:40:55.392Z - SUSPICIOUS: ::1 -> /api/admin/suspicious-activity - Reason: RATE_LIMIT_EXCEEDED
2026-01-31T23:40:55.388Z - SUSPICIOUS: ::1 -> /api/admin/suspicious-activity - Reason: RATE_LIMIT_EXCEEDED
2026-01-31T23:40:55.596Z - SUSPICIOUS: ::1 -> /api/admin/suspicious-activity - Reason: RATE_LIMIT_EXCEEDED
2026-01-31T23:40:55.604Z - SUSPICIOUS: ::1 -> /api/admin/suspicious-activity - Reason: RATE_LIMIT_EXCEEDED
2026-01-31T23:40:59.557Z - SUSPICIOUS: ::1 -> /api/admin/suspicious-activity - Reason: RATE_LIMIT_EXCEEDED
2026-01-31T23:40:59.561Z - SUSPICIOUS: ::1 -> /api/admin/log-request - Reason: RATE_LIMIT_EXCEEDED
2026-01-31T23:41:00.138Z - SUSPICIOUS: ::1 -> /api/admin/suspicious-activity - Reason: RATE_LIMIT_EXCEEDED
2026-01-31T23:41:00.256Z - SUSPICIOUS: ::1 -> /api/admin/suspicious-activity - Reason: RATE_LIMIT_EXCEEDED
2026-01-31T23:41:00.462Z - SUSPICIOUS: ::1 -> /api/admin/suspicious-activity - Reason: RATE_LIMIT_EXCEEDED
2026-01-31T23:41:00.580Z - SUSPICIOUS: ::1 -> /api/admin/suspicious-activity - Reason: RATE_LIMIT_EXCEEDED
2026-01-31T23:41:00.716Z - SUSPICIOUS: ::1 -> /api/admin/suspicious-activity - Reason: RATE_LIMIT_EXCEEDED
2026-01-31T23:41:01.381Z - SUSPICIOUS: ::1 -> /api/admin/log-request - Reason: RATE_LIMIT_EXCEEDED
2026-01-31T23:41:01.989Z - SUSPICIOUS: ::1 -> /api/admin/suspicious-activity - Reason: RATE_LIMIT_EXCEEDED
2026-01-31T23:41:02.124Z - SUSPICIOUS: ::1 -> /api/admin/suspicious-activity - Reason: RATE_LIMIT_EXCEEDED
2026-01-31T23:41:02.197Z - SUSPICIOUS: ::1 -> /api/admin/suspicious-activity - Reason: RATE_LIMIT_EXCEEDED
2026-01-31T23:41:02.310Z - SUSPICIOUS: ::1 -> /api/admin/suspicious-activity - Reason: RATE_LIMIT_EXCEEDED
2026-01-31T23:41:02.515Z - SUSPICIOUS: ::1 -> /api/admin/suspicious-activity - Reason: RATE_LIMIT_EXCEEDED
2026-01-31T23:41:02.592Z - SUSPICIOUS: ::1 -> /api/admin/suspicious-activity - Reason: RATE_LIMIT_EXCEEDED
2026-01-31T23:41:02.724Z - SUSPICIOUS: ::1 -> /api/admin/suspicious-activity - Reason: RATE_LIMIT_EXCEEDED
2026-01-31T23:41:03.377Z - SUSPICIOUS: ::1 -> /api/admin/suspicious-activity - Reason: RATE_LIMIT_EXCEEDED
2026-01-31T23:41:03.458Z - SUSPICIOUS: ::1 -> /api/admin/suspicious-activity - Reason: RATE_LIMIT_EXCEEDED
2026-01-31T23:41:03.634Z - SUSPICIOUS: ::1 -> /api/admin/suspicious-activity - Reason: RATE_LIMIT_EXCEEDED
2026-01-31T23:41:03.691Z - SUSPICIOUS: ::1 -> /api/admin/suspicious-activity - Reason: RATE_LIMIT_EXCEEDED
2026-01-31T23:41:04.105Z - SUSPICIOUS: ::1 -> /api/admin/suspicious-activity - Reason: RATE_LIMIT_EXCEEDED
2026-01-31T23:41:04.155Z - SUSPICIOUS: ::1 -> /api/admin/suspicious-activity - Reason: RATE_LIMIT_EXCEEDED
2026-01-31T23:41:04.283Z - SUSPICIOUS: ::1 -> /api/admin/suspicious-activity - Reason: RATE_LIMIT_EXCEEDED
2026-01-31T23:41:04.338Z - SUSPICIOUS: ::1 -> /api/admin/suspicious-activity - Reason: RATE_LIMIT_EXCEEDED
2026-01-31T23:41:04.804Z - SUSPICIOUS: ::1 -> /api/admin/suspicious-activity - Reason: RATE_LIMIT_EXCEEDED
2026-01-31T23:41:04.860Z - SUSPICIOUS: ::1 -> /api/admin/suspicious-activity - Reason: RATE_LIMIT_EXCEEDED
2026-01-31T23:41:05.216Z - SUSPICIOUS: ::1 -> /api/admin/suspicious-activity - Reason: RATE_LIMIT_EXCEEDED
2026-01-31T23:41:05.360Z - SUSPICIOUS: ::1 -> /api/admin/suspicious-activity - Reason: RATE_LIMIT_EXCEEDED
2026-01-31T23:41:08.286Z - SUSPICIOUS: ::1 -> /api/admin/suspicious-activity - Reason: RATE_LIMIT_EXCEEDED
2026-01-31T23:41:08.611Z - SUSPICIOUS: ::1 -> /api/admin/suspicious-activity - Reason: RATE_LIMIT_EXCEEDED
2026-01-31T23:41:08.847Z - SUSPICIOUS: ::1 -> /api/admin/suspicious-activity - Reason: RATE_LIMIT_EXCEEDED
2026-01-31T23:41:09.266Z - SUSPICIOUS: ::1 -> /api/admin/suspicious-activity - Reason: RATE_LIMIT_EXCEEDED
2026-01-31T23:41:09.338Z - SUSPICIOUS: ::1 -> /api/admin/suspicious-activity - Reason: RATE_LIMIT_EXCEEDED
2026-01-31T23:41:09.270Z - SUSPICIOUS: ::1 -> /api/admin/suspicious-activity - Reason: RATE_LIMIT_EXCEEDED
2026-01-31T23:41:09.404Z - SUSPICIOUS: ::1 -> /api/admin/suspicious-activity - Reason: RATE_LIMIT_EXCEEDED
2026-01-31T23:41:06.954Z - SUSPICIOUS: ::1 -> /api/admin/suspicious-activity - Reason: RATE_LIMIT_EXCEEDED
2026-01-31T23:41:10.415Z - SUSPICIOUS: ::1 -> /api/admin/log-request - Reason: RATE_LIMIT_EXCEEDED
2026-01-31T23:41:10.421Z - SUSPICIOUS: ::1 -> /api/admin/suspicious-activity - Reason: RATE_LIMIT_EXCEEDED
2026-01-31T23:41:10.526Z - SUSPICIOUS: ::1 -> /api/admin/log-request - Reason: RATE_LIMIT_EXCEEDED
2026-01-31T23:41:10.689Z - SUSPICIOUS: ::1 -> /api/admin/log-request - Reason: RATE_LIMIT_EXCEEDED
2026-01-31T23:41:11.368Z - SUSPICIOUS: ::1 -> /api/admin/suspicious-activity - Reason: RATE_LIMIT_EXCEEDED
2026-01-31T23:41:11.435Z - SUSPICIOUS: ::1 -> /api/admin/suspicious-activity - Reason: RATE_LIMIT_EXCEEDED
2026-01-31T23:41:11.909Z - SUSPICIOUS: ::1 -> /api/admin/suspicious-activity - Reason: RATE_LIMIT_EXCEEDED
2026-01-31T23:41:11.941Z - SUSPICIOUS: ::1 -> /api/admin/suspicious-activity - Reason: RATE_LIMIT_EXCEEDED
2026-01-31T23:41:12.464Z - SUSPICIOUS: ::1 -> /api/admin/suspicious-activity - Reason: RATE_LIMIT_EXCEEDED
2026-01-31T23:41:13.198Z - SUSPICIOUS: ::1 -> /api/admin/suspicious-activity - Reason: RATE_LIMIT_EXCEEDED
2026-01-31T23:41:13.214Z - SUSPICIOUS: ::1 -> /api/admin/suspicious-activity - Reason: RATE_LIMIT_EXCEEDED
2026-01-31T23:41:16.516Z - SUSPICIOUS: ::1 -> /api/admin/suspicious-activity - Reason: RATE_LIMIT_EXCEEDED
2026-01-31T23:41:16.539Z - SUSPICIOUS: ::1 -> /api/admin/suspicious-activity - Reason: RATE_LIMIT_EXCEEDED
2026-01-31T23:41:19.644Z - SUSPICIOUS: ::1 -> /api/admin/log-request - Reason: RATE_LIMIT_EXCEEDED
2026-01-31T23:41:19.684Z - SUSPICIOUS: ::1 -> /api/admin/suspicious-activity - Reason: RATE_LIMIT_EXCEEDED
2026-01-31T23:41:20.426Z - SUSPICIOUS: ::1 -> /api/admin/log-request - Reason: RATE_LIMIT_EXCEEDED
2026-01-31T23:41:20.811Z - SUSPICIOUS: ::1 -> /api/admin/suspicious-activity - Reason: RATE_LIMIT_EXCEEDED
2026-01-31T23:41:27.027Z - SUSPICIOUS: ::1 -> /api/admin/blocked-ips - Reason: RATE_LIMIT_EXCEEDED
2026-01-31T23:41:27.061Z - SUSPICIOUS: ::1 -> /api/admin/suspicious-activity - Reason: RATE_LIMIT_EXCEEDED
2026-01-31T23:41:27.962Z - SUSPICIOUS: ::1 -> /api/ip-ban - Reason: RATE_LIMIT_EXCEEDED
2026-01-31T23:41:28.134Z - SUSPICIOUS: ::1 -> /api/admin/suspicious-activity - Reason: RATE_LIMIT_EXCEEDED
2026-01-31T23:41:28.213Z - SUSPICIOUS: ::1 -> /api/admin/log-request - Reason: RATE_LIMIT_EXCEEDED
2026-01-31T23:41:28.290Z - SUSPICIOUS: ::1 -> /api/admin/suspicious-activity - Reason: RATE_LIMIT_EXCEEDED
2026-01-31T23:41:27.211Z - SUSPICIOUS: ::1 -> /api/admin/suspicious-activity - Reason: RATE_LIMIT_EXCEEDED
2026-01-31T23:41:27.452Z - SUSPICIOUS: ::1 -> /api/admin/suspicious-activity - Reason: RATE_LIMIT_EXCEEDED
2026-01-31T23:41:29.436Z - SUSPICIOUS: ::1 -> /api/admin/suspicious-activity - Reason: RATE_LIMIT_EXCEEDED
2026-01-31T23:41:29.541Z - SUSPICIOUS: ::1 -> /api/admin/suspicious-activity - Reason: RATE_LIMIT_EXCEEDED
2026-01-31T23:41:29.596Z - SUSPICIOUS: ::1 -> /api/admin/suspicious-activity - Reason: RATE_LIMIT_EXCEEDED
2026-01-31T23:41:29.700Z - SUSPICIOUS: ::1 -> /api/admin/suspicious-activity - Reason: RATE_LIMIT_EXCEEDED
2026-01-31T23:41:30.549Z - SUSPICIOUS: ::1 -> /api/admin/log-request - Reason: RATE_LIMIT_EXCEEDED
2026-01-31T23:41:30.705Z - SUSPICIOUS: ::1 -> /api/admin/suspicious-activity - Reason: RATE_LIMIT_EXCEEDED
2026-01-31T23:41:30.730Z - SUSPICIOUS: ::1 -> /api/admin/suspicious-activity - Reason: RATE_LIMIT_EXCEEDED
2026-01-31T23:41:27.443Z - SUSPICIOUS: ::1 -> /api/admin/log-request - Reason: RATE_LIMIT_EXCEEDED
2026-01-31T23:41:31.199Z - SUSPICIOUS: ::1 -> /api/admin/suspicious-activity - Reason: RATE_LIMIT_EXCEEDED
2026-01-31T23:41:31.202Z - SUSPICIOUS: ::1 -> /api/admin/suspicious-activity - Reason: RATE_LIMIT_EXCEEDED
2026-01-31T23:41:31.241Z - SUSPICIOUS: ::1 -> /api/admin/suspicious-activity - Reason: RATE_LIMIT_EXCEEDED
2026-01-31T23:41:31.326Z - SUSPICIOUS: ::1 -> /api/admin/suspicious-activity - Reason: RATE_LIMIT_EXCEEDED
2026-01-31T23:41:31.798Z - SUSPICIOUS: ::1 -> /api/admin/suspicious-activity - Reason: RATE_LIMIT_EXCEEDED
2026-01-31T23:41:31.859Z - SUSPICIOUS: ::1 -> /api/admin/suspicious-activity - Reason: RATE_LIMIT_EXCEEDED
2026-01-31T23:41:31.889Z - SUSPICIOUS: ::1 -> /api/admin/suspicious-activity - Reason: RATE_LIMIT_EXCEEDED
2026-01-31T23:41:31.931Z - SUSPICIOUS: ::1 -> /api/admin/suspicious-activity - Reason: RATE_LIMIT_EXCEEDED
2026-01-31T23:41:32.356Z - SUSPICIOUS: ::1 -> /api/admin/suspicious-activity - Reason: RATE_LIMIT_EXCEEDED
2026-01-31T23:41:32.411Z - SUSPICIOUS: ::1 -> /api/admin/suspicious-activity - Reason: RATE_LIMIT_EXCEEDED
2026-01-31T23:41:32.430Z - SUSPICIOUS: ::1 -> /api/admin/suspicious-activity - Reason: RATE_LIMIT_EXCEEDED
2026-01-31T23:41:32.453Z - SUSPICIOUS: ::1 -> /api/admin/suspicious-activity - Reason: RATE_LIMIT_EXCEEDED
2026-01-31T23:41:32.953Z - SUSPICIOUS: ::1 -> /api/admin/suspicious-activity - Reason: RATE_LIMIT_EXCEEDED
2026-01-31T23:41:33.014Z - SUSPICIOUS: ::1 -> /api/admin/suspicious-activity - Reason: RATE_LIMIT_EXCEEDED
2026-01-31T23:41:33.044Z - SUSPICIOUS: ::1 -> /api/admin/suspicious-activity - Reason: RATE_LIMIT_EXCEEDED
2026-01-31T23:41:33.109Z - SUSPICIOUS: ::1 -> /api/admin/suspicious-activity - Reason: RATE_LIMIT_EXCEEDED
2026-01-31T23:41:33.638Z - SUSPICIOUS: ::1 -> /api/admin/suspicious-activity - Reason: RATE_LIMIT_EXCEEDED
2026-01-31T23:41:33.717Z - SUSPICIOUS: ::1 -> /api/admin/suspicious-activity - Reason: RATE_LIMIT_EXCEEDED
2026-01-31T23:41:33.741Z - SUSPICIOUS: ::1 -> /api/admin/suspicious-activity - Reason: RATE_LIMIT_EXCEEDED
2026-01-31T23:41:33.790Z - SUSPICIOUS: ::1 -> /api/admin/suspicious-activity - Reason: RATE_LIMIT_EXCEEDED
2026-01-31T23:41:34.318Z - SUSPICIOUS: ::1 -> /api/admin/suspicious-activity - Reason: RATE_LIMIT_EXCEEDED
2026-01-31T23:41:34.322Z - SUSPICIOUS: ::1 -> /api/admin/suspicious-activity - Reason: RATE_LIMIT_EXCEEDED
2026-01-31T23:41:34.392Z - SUSPICIOUS: ::1 -> /api/admin/suspicious-activity - Reason: RATE_LIMIT_EXCEEDED
2026-01-31T23:41:34.388Z - SUSPICIOUS: ::1 -> /api/admin/suspicious-activity - Reason: RATE_LIMIT_EXCEEDED
2026-01-31T23:41:35.190Z - SUSPICIOUS: ::1 -> /api/admin/suspicious-activity - Reason: RATE_LIMIT_EXCEEDED
2026-01-31T23:41:35.239Z - SUSPICIOUS: ::1 -> /api/admin/suspicious-activity - Reason: RATE_LIMIT_EXCEEDED
2026-01-31T23:41:35.282Z - SUSPICIOUS: ::1 -> /api/admin/suspicious-activity - Reason: RATE_LIMIT_EXCEEDED
2026-01-31T23:41:35.308Z - SUSPICIOUS: ::1 -> /api/admin/suspicious-activity - Reason: RATE_LIMIT_EXCEEDED
2026-01-31T23:41:35.783Z - SUSPICIOUS: ::1 -> /api/admin/suspicious-activity - Reason: RATE_LIMIT_EXCEEDED
2026-01-31T23:41:35.826Z - SUSPICIOUS: ::1 -> /api/admin/suspicious-activity - Reason: RATE_LIMIT_EXCEEDED
2026-01-31T23:41:36.248Z - SUSPICIOUS: ::1 -> /api/admin/suspicious-activity - Reason: RATE_LIMIT_EXCEEDED
2026-01-31T23:41:36.303Z - SUSPICIOUS: ::1 -> /api/admin/suspicious-activity - Reason: RATE_LIMIT_EXCEEDED
2026-01-31T23:41:37.184Z - SUSPICIOUS: ::1 -> /api/admin/suspicious-activity - Reason: RATE_LIMIT_EXCEEDED
2026-01-31T23:41:37.193Z - SUSPICIOUS: ::1 -> /api/admin/suspicious-activity - Reason: RATE_LIMIT_EXCEEDED
2026-01-31T23:41:37.255Z - SUSPICIOUS: ::1 -> /api/admin/suspicious-activity - Reason: RATE_LIMIT_EXCEEDED
2026-01-31T23:41:37.260Z - SUSPICIOUS: ::1 -> /api/admin/suspicious-activity - Reason: RATE_LIMIT_EXCEEDED
2026-01-31T23:41:39.159Z - SUSPICIOUS: ::1 -> /api/admin/suspicious-activity - Reason: RATE_LIMIT_EXCEEDED
2026-01-31T23:41:39.262Z - SUSPICIOUS: ::1 -> /api/admin/suspicious-activity - Reason: RATE_LIMIT_EXCEEDED
2026-01-31T23:41:39.806Z - SUSPICIOUS: ::1 -> /api/admin/suspicious-activity - Reason: RATE_LIMIT_EXCEEDED
2026-01-31T23:41:39.888Z - SUSPICIOUS: ::1 -> /api/admin/suspicious-activity - Reason: RATE_LIMIT_EXCEEDED
2026-01-31T23:41:40.390Z - SUSPICIOUS: ::1 -> /api/admin/suspicious-activity - Reason: RATE_LIMIT_EXCEEDED
2026-01-31T23:41:40.482Z - SUSPICIOUS: ::1 -> /api/admin/suspicious-activity - Reason: RATE_LIMIT_EXCEEDED
2026-01-31T23:41:47.237Z - SUSPICIOUS: ::1 -> /api/admin/suspicious-activity - Reason: RATE_LIMIT_EXCEEDED
2026-01-31T23:41:47.265Z - SUSPICIOUS: ::1 -> /api/admin/suspicious-activity - Reason: RATE_LIMIT_EXCEEDED
2026-01-31T23:41:49.977Z - SUSPICIOUS: ::1 -> /api/admin/log-request - Reason: RATE_LIMIT_EXCEEDED
2026-01-31T23:41:50.107Z - SUSPICIOUS: ::1 -> /api/admin/suspicious-activity - Reason: RATE_LIMIT_EXCEEDED
2026-01-31T23:41:51.123Z - SUSPICIOUS: ::1 -> /api/admin/log-request - Reason: RATE_LIMIT_EXCEEDED
2026-01-31T23:41:51.655Z - SUSPICIOUS: ::1 -> /api/admin/suspicious-activity - Reason: RATE_LIMIT_EXCEEDED
2026-01-31T23:41:57.722Z - SUSPICIOUS: ::1 -> /api/admin/blocked-ips - Reason: RATE_LIMIT_EXCEEDED
2026-01-31T23:41:57.750Z - SUSPICIOUS: ::1 -> /api/admin/suspicious-activity - Reason: RATE_LIMIT_EXCEEDED
2026-01-31T23:41:57.808Z - SUSPICIOUS: ::1 -> /api/admin/suspicious-activity - Reason: RATE_LIMIT_EXCEEDED
2026-01-31T23:41:57.841Z - SUSPICIOUS: ::1 -> /api/admin/suspicious-activity - Reason: RATE_LIMIT_EXCEEDED
2026-01-31T23:41:57.863Z - SUSPICIOUS: ::1 -> /api/admin/suspicious-activity - Reason: RATE_LIMIT_EXCEEDED
2026-01-31T23:41:57.913Z - SUSPICIOUS: ::1 -> /api/admin/suspicious-activity - Reason: RATE_LIMIT_EXCEEDED
2026-01-31T23:42:00.253Z - SUSPICIOUS: ::1 -> /api/admin/log-request - Reason: RATE_LIMIT_EXCEEDED
2026-01-31T23:42:00.232Z - SUSPICIOUS: ::1 -> /api/admin/suspicious-activity - Reason: RATE_LIMIT_EXCEEDED
2026-01-31T23:42:00.829Z - SUSPICIOUS: ::1 -> /api/admin/log-request - Reason: RATE_LIMIT_EXCEEDED
2026-01-31T23:42:01.161Z - SUSPICIOUS: ::1 -> /api/admin/suspicious-activity - Reason: RATE_LIMIT_EXCEEDED
2026-01-31T23:42:07.569Z - SUSPICIOUS: ::1 -> /api/admin/suspicious-activity - Reason: RATE_LIMIT_EXCEEDED
2026-01-31T23:42:07.583Z - SUSPICIOUS: ::1 -> /api/admin/suspicious-activity - Reason: RATE_LIMIT_EXCEEDED
2026-01-31T23:42:07.683Z - SUSPICIOUS: ::1 -> /api/admin/suspicious-activity - Reason: RATE_LIMIT_EXCEEDED
2026-01-31T23:42:07.690Z - SUSPICIOUS: ::1 -> /api/admin/suspicious-activity - Reason: RATE_LIMIT_EXCEEDED
2026-01-31T23:42:08.637Z - SUSPICIOUS: ::1 -> /api/admin/suspicious-activity - Reason: RATE_LIMIT_EXCEEDED
2026-01-31T23:42:08.643Z - SUSPICIOUS: ::1 -> /api/admin/suspicious-activity - Reason: RATE_LIMIT_EXCEEDED
2026-01-31T23:42:08.773Z - SUSPICIOUS: ::1 -> /api/admin/suspicious-activity - Reason: RATE_LIMIT_EXCEEDED
2026-01-31T23:42:08.765Z - SUSPICIOUS: ::1 -> /api/admin/suspicious-activity - Reason: RATE_LIMIT_EXCEEDED
2026-01-31T23:42:09.925Z - SUSPICIOUS: ::1 -> /api/admin/suspicious-activity - Reason: RATE_LIMIT_EXCEEDED
2026-01-31T23:42:10.092Z - SUSPICIOUS: ::1 -> /api/admin/suspicious-activity - Reason: RATE_LIMIT_EXCEEDED
2026-01-31T23:42:10.619Z - SUSPICIOUS: ::1 -> /api/admin/log-request - Reason: RATE_LIMIT_EXCEEDED
2026-01-31T23:42:10.668Z - SUSPICIOUS: ::1 -> /api/admin/log-request - Reason: RATE_LIMIT_EXCEEDED
2026-01-31T23:42:08.424Z - SUSPICIOUS: ::1 -> /api/ip-ban - Reason: RATE_LIMIT_EXCEEDED
2026-01-31T23:42:11.093Z - SUSPICIOUS: ::1 -> /api/admin/suspicious-activity - Reason: RATE_LIMIT_EXCEEDED
2026-01-31T23:42:08.431Z - SUSPICIOUS: ::1 -> /api/ip-ban - Reason: RATE_LIMIT_EXCEEDED
2026-01-31T23:42:11.153Z - SUSPICIOUS: ::1 -> /api/admin/suspicious-activity - Reason: RATE_LIMIT_EXCEEDED
2026-01-31T23:42:17.655Z - SUSPICIOUS: ::1 -> /api/admin/suspicious-activity - Reason: RATE_LIMIT_EXCEEDED
2026-01-31T23:42:17.672Z - SUSPICIOUS: ::1 -> /api/admin/suspicious-activity - Reason: RATE_LIMIT_EXCEEDED
2026-01-31T23:42:20.576Z - SUSPICIOUS: ::1 -> /api/admin/suspicious-activity - Reason: RATE_LIMIT_EXCEEDED
2026-01-31T23:42:20.670Z - SUSPICIOUS: ::1 -> /api/admin/log-request - Reason: RATE_LIMIT_EXCEEDED
2026-01-31T23:42:21.202Z - SUSPICIOUS: ::1 -> /api/admin/log-request - Reason: RATE_LIMIT_EXCEEDED
2026-01-31T23:42:21.544Z - SUSPICIOUS: ::1 -> /api/admin/suspicious-activity - Reason: RATE_LIMIT_EXCEEDED
2026-01-31T23:42:28.055Z - SUSPICIOUS: ::1 -> /api/admin/blocked-ips - Reason: RATE_LIMIT_EXCEEDED
2026-01-31T23:42:28.082Z - SUSPICIOUS: ::1 -> /api/admin/suspicious-activity - Reason: RATE_LIMIT_EXCEEDED
2026-01-31T23:42:28.129Z - SUSPICIOUS: ::1 -> /api/admin/suspicious-activity - Reason: RATE_LIMIT_EXCEEDED
2026-01-31T23:42:28.183Z - SUSPICIOUS: ::1 -> /api/admin/suspicious-activity - Reason: RATE_LIMIT_EXCEEDED
2026-01-31T23:42:28.211Z - SUSPICIOUS: ::1 -> /api/admin/suspicious-activity - Reason: RATE_LIMIT_EXCEEDED
2026-01-31T23:42:28.249Z - SUSPICIOUS: ::1 -> /api/admin/suspicious-activity - Reason: RATE_LIMIT_EXCEEDED
2026-01-31T23:42:30.571Z - SUSPICIOUS: ::1 -> /api/admin/log-request - Reason: RATE_LIMIT_EXCEEDED
2026-01-31T23:42:30.589Z - SUSPICIOUS: ::1 -> /api/admin/suspicious-activity - Reason: RATE_LIMIT_EXCEEDED
2026-01-31T23:42:31.151Z - SUSPICIOUS: ::1 -> /api/admin/log-request - Reason: RATE_LIMIT_EXCEEDED
2026-01-31T23:42:31.570Z - SUSPICIOUS: ::1 -> /api/admin/suspicious-activity - Reason: RATE_LIMIT_EXCEEDED
2026-01-31T23:42:37.948Z - SUSPICIOUS: ::1 -> /api/admin/suspicious-activity - Reason: RATE_LIMIT_EXCEEDED
2026-01-31T23:42:37.964Z - SUSPICIOUS: ::1 -> /api/admin/suspicious-activity - Reason: RATE_LIMIT_EXCEEDED
2026-01-31T23:42:37.993Z - SUSPICIOUS: ::1 -> /api/admin/suspicious-activity - Reason: RATE_LIMIT_EXCEEDED
2026-01-31T23:42:37.998Z - SUSPICIOUS: ::1 -> /api/admin/suspicious-activity - Reason: RATE_LIMIT_EXCEEDED
2026-01-31T23:42:40.308Z - SUSPICIOUS: ::1 -> /api/admin/suspicious-activity - Reason: RATE_LIMIT_EXCEEDED
2026-01-31T23:42:40.434Z - SUSPICIOUS: ::1 -> /api/admin/suspicious-activity - Reason: RATE_LIMIT_EXCEEDED
2026-01-31T23:42:41.093Z - SUSPICIOUS: ::1 -> /api/admin/suspicious-activity - Reason: RATE_LIMIT_EXCEEDED
2026-01-31T23:42:41.249Z - SUSPICIOUS: ::1 -> /api/admin/suspicious-activity - Reason: RATE_LIMIT_EXCEEDED
2026-01-31T23:42:41.705Z - SUSPICIOUS: ::1 -> /api/admin/suspicious-activity - Reason: RATE_LIMIT_EXCEEDED
2026-01-31T23:42:41.832Z - SUSPICIOUS: ::1 -> /api/admin/suspicious-activity - Reason: RATE_LIMIT_EXCEEDED
2026-01-31T23:42:48.889Z - SUSPICIOUS: ::1 -> /api/admin/suspicious-activity - Reason: RATE_LIMIT_EXCEEDED
2026-01-31T23:42:52.012Z - SUSPICIOUS: ::1 -> /api/admin/log-request - Reason: RATE_LIMIT_EXCEEDED
2026-01-31T23:42:52.018Z - SUSPICIOUS: ::1 -> /api/admin/suspicious-activity - Reason: RATE_LIMIT_EXCEEDED
2026-01-31T23:42:52.886Z - SUSPICIOUS: ::1 -> /api/admin/suspicious-activity - Reason: RATE_LIMIT_EXCEEDED
2026-01-31T23:42:52.848Z - SUSPICIOUS: ::1 -> /api/admin/suspicious-activity - Reason: RATE_LIMIT_EXCEEDED
2026-01-31T23:42:53.925Z - SUSPICIOUS: ::1 -> /api/admin/suspicious-activity - Reason: RATE_LIMIT_EXCEEDED
2026-01-31T23:42:54.458Z - SUSPICIOUS: ::1 -> /api/admin/suspicious-activity - Reason: RATE_LIMIT_EXCEEDED
2026-01-31T23:43:17.178Z - SUSPICIOUS: ::1 -> /api/ip-ban - Reason: RATE_LIMIT_EXCEEDED
2026-01-31T23:43:17.235Z - SUSPICIOUS: ::1 -> /api/admin/log-request - Reason: RATE_LIMIT_EXCEEDED
2026-01-31T23:43:17.459Z - SUSPICIOUS: ::1 -> /api/admin/suspicious-activity - Reason: RATE_LIMIT_EXCEEDED
2026-01-31T23:43:17.564Z - SUSPICIOUS: ::1 -> /api/admin/suspicious-activity - Reason: RATE_LIMIT_EXCEEDED
2026-01-31T23:43:17.721Z - SUSPICIOUS: ::1 -> /api/admin/suspicious-activity - Reason: RATE_LIMIT_EXCEEDED
2026-01-31T23:43:17.820Z - SUSPICIOUS: ::1 -> /api/admin/suspicious-activity - Reason: RATE_LIMIT_EXCEEDED
2026-01-31T23:43:18.639Z - SUSPICIOUS: ::1 -> /api/admin/suspicious-activity - Reason: RATE_LIMIT_EXCEEDED
2026-01-31T23:43:18.849Z - SUSPICIOUS: ::1 -> /api/admin/suspicious-activity - Reason: RATE_LIMIT_EXCEEDED
2026-01-31T23:43:18.931Z - SUSPICIOUS: ::1 -> /api/admin/suspicious-activity - Reason: RATE_LIMIT_EXCEEDED
2026-01-31T23:43:19.374Z - SUSPICIOUS: ::1 -> /api/admin/suspicious-activity - Reason: RATE_LIMIT_EXCEEDED
2026-01-31T23:43:19.411Z - SUSPICIOUS: ::1 -> /api/admin/suspicious-activity - Reason: RATE_LIMIT_EXCEEDED
2026-01-31T23:43:19.451Z - SUSPICIOUS: ::1 -> /api/admin/suspicious-activity - Reason: RATE_LIMIT_EXCEEDED
2026-01-31T23:43:19.575Z - SUSPICIOUS: ::1 -> /api/admin/suspicious-activity - Reason: RATE_LIMIT_EXCEEDED
2026-01-31T23:43:19.656Z - SUSPICIOUS: ::1 -> /api/admin/suspicious-activity - Reason: RATE_LIMIT_EXCEEDED
2026-01-31T23:43:20.216Z - SUSPICIOUS: ::1 -> /api/admin/suspicious-activity - Reason: RATE_LIMIT_EXCEEDED
2026-01-31T23:43:20.253Z - SUSPICIOUS: ::1 -> /api/admin/suspicious-activity - Reason: RATE_LIMIT_EXCEEDED
2026-01-31T23:43:20.403Z - SUSPICIOUS: ::1 -> /api/admin/suspicious-activity - Reason: RATE_LIMIT_EXCEEDED
2026-01-31T23:43:20.444Z - SUSPICIOUS: ::1 -> /api/admin/suspicious-activity - Reason: RATE_LIMIT_EXCEEDED
2026-01-31T23:43:21.006Z - SUSPICIOUS: ::1 -> /api/admin/suspicious-activity - Reason: RATE_LIMIT_EXCEEDED
2026-01-31T23:43:21.030Z - SUSPICIOUS: ::1 -> /api/admin/suspicious-activity - Reason: RATE_LIMIT_EXCEEDED
2026-01-31T23:43:21.512Z - SUSPICIOUS: ::1 -> /api/admin/suspicious-activity - Reason: RATE_LIMIT_EXCEEDED
2026-01-31T23:43:21.539Z - SUSPICIOUS: ::1 -> /api/admin/suspicious-activity - Reason: RATE_LIMIT_EXCEEDED
2026-01-31T23:43:31.196Z - SUSPICIOUS: ::1 -> /api/admin/suspicious-activity - Reason: RATE_LIMIT_EXCEEDED
2026-01-31T23:43:31.259Z - SUSPICIOUS: ::1 -> /api/admin/log-request - Reason: RATE_LIMIT_EXCEEDED
2026-01-31T23:43:31.729Z - SUSPICIOUS: ::1 -> /api/admin/log-request - Reason: RATE_LIMIT_EXCEEDED
2026-01-31T23:43:31.787Z - SUSPICIOUS: ::1 -> /api/admin/suspicious-activity - Reason: RATE_LIMIT_EXCEEDED
2026-01-31T23:43:31.735Z - SUSPICIOUS: ::1 -> /api/admin/suspicious-activity - Reason: RATE_LIMIT_EXCEEDED
2026-01-31T23:43:32.316Z - SUSPICIOUS: ::1 -> /api/admin/suspicious-activity - Reason: RATE_LIMIT_EXCEEDED
2026-01-31T23:43:37.438Z - SUSPICIOUS: ::1 -> /api/admin/suspicious-activity - Reason: RATE_LIMIT_EXCEEDED
2026-01-31T23:43:37.547Z - SUSPICIOUS: ::1 -> /api/admin/suspicious-activity - Reason: RATE_LIMIT_EXCEEDED
2026-01-31T23:43:37.596Z - SUSPICIOUS: ::1 -> /api/admin/suspicious-activity - Reason: RATE_LIMIT_EXCEEDED
2026-01-31T23:43:37.702Z - SUSPICIOUS: ::1 -> /api/admin/suspicious-activity - Reason: RATE_LIMIT_EXCEEDED
2026-01-31T23:43:38.568Z - SUSPICIOUS: ::1 -> /api/admin/suspicious-activity - Reason: RATE_LIMIT_EXCEEDED
2026-01-31T23:43:38.653Z - SUSPICIOUS: ::1 -> /api/admin/suspicious-activity - Reason: RATE_LIMIT_EXCEEDED
2026-01-31T23:43:38.662Z - SUSPICIOUS: ::1 -> /api/admin/suspicious-activity - Reason: RATE_LIMIT_EXCEEDED
2026-01-31T23:43:38.770Z - SUSPICIOUS: ::1 -> /api/admin/suspicious-activity - Reason: RATE_LIMIT_EXCEEDED
2026-01-31T23:43:38.842Z - SUSPICIOUS: ::1 -> /api/admin/suspicious-activity - Reason: RATE_LIMIT_EXCEEDED
2026-01-31T23:43:38.838Z - SUSPICIOUS: ::1 -> /api/admin/suspicious-activity - Reason: RATE_LIMIT_EXCEEDED
2026-01-31T23:43:38.850Z - SUSPICIOUS: ::1 -> /api/admin/suspicious-activity - Reason: RATE_LIMIT_EXCEEDED
2026-01-31T23:43:38.934Z - SUSPICIOUS: ::1 -> /api/admin/suspicious-activity - Reason: RATE_LIMIT_EXCEEDED
2026-01-31T23:43:43.263Z - SUSPICIOUS: ::1 -> /api/admin/log-request - Reason: RATE_LIMIT_EXCEEDED
2026-01-31T23:43:43.552Z - SUSPICIOUS: ::1 -> /api/admin/suspicious-activity - Reason: RATE_LIMIT_EXCEEDED
2026-01-31T23:43:44.047Z - SUSPICIOUS: ::1 -> /api/admin/suspicious-activity - Reason: RATE_LIMIT_EXCEEDED
2026-01-31T23:43:44.174Z - SUSPICIOUS: ::1 -> /api/admin/suspicious-activity - Reason: RATE_LIMIT_EXCEEDED
2026-01-31T23:43:44.257Z - SUSPICIOUS: ::1 -> /api/admin/suspicious-activity - Reason: RATE_LIMIT_EXCEEDED
2026-01-31T23:43:44.369Z - SUSPICIOUS: ::1 -> /api/admin/suspicious-activity - Reason: RATE_LIMIT_EXCEEDED
2026-01-31T23:43:44.469Z - SUSPICIOUS: ::1 -> /api/admin/suspicious-activity - Reason: RATE_LIMIT_EXCEEDED
2026-01-31T23:43:44.666Z - SUSPICIOUS: ::1 -> /api/admin/suspicious-activity - Reason: RATE_LIMIT_EXCEEDED
2026-01-31T23:43:45.081Z - SUSPICIOUS: ::1 -> /api/admin/suspicious-activity - Reason: RATE_LIMIT_EXCEEDED
2026-01-31T23:43:45.920Z - SUSPICIOUS: ::1 -> /api/admin/suspicious-activity - Reason: RATE_LIMIT_EXCEEDED
2026-01-31T23:43:46.346Z - SUSPICIOUS: ::1 -> /api/admin/suspicious-activity - Reason: RATE_LIMIT_EXCEEDED
2026-01-31T23:43:46.567Z - SUSPICIOUS: ::1 -> /api/admin/suspicious-activity - Reason: RATE_LIMIT_EXCEEDED
2026-01-31T23:43:46.663Z - SUSPICIOUS: ::1 -> /api/admin/suspicious-activity - Reason: RATE_LIMIT_EXCEEDED
2026-01-31T23:43:47.266Z - SUSPICIOUS: ::1 -> /api/admin/suspicious-activity - Reason: RATE_LIMIT_EXCEEDED
2026-01-31T23:43:47.911Z - SUSPICIOUS: ::1 -> /api/admin/suspicious-activity - Reason: RATE_LIMIT_EXCEEDED
2026-01-31T23:43:48.177Z - SUSPICIOUS: ::1 -> /api/admin/suspicious-activity - Reason: RATE_LIMIT_EXCEEDED
2026-01-31T23:43:48.357Z - SUSPICIOUS: ::1 -> /api/admin/suspicious-activity - Reason: RATE_LIMIT_EXCEEDED
2026-01-31T23:43:48.461Z - SUSPICIOUS: ::1 -> /api/admin/suspicious-activity - Reason: RATE_LIMIT_EXCEEDED
2026-01-31T23:43:49.816Z - SUSPICIOUS: ::1 -> /api/ip-ban - Reason: RATE_LIMIT_EXCEEDED
2026-01-31T23:43:50.097Z - SUSPICIOUS: ::1 -> /api/admin/log-request - Reason: RATE_LIMIT_EXCEEDED
2026-01-31T23:43:50.576Z - SUSPICIOUS: ::1 -> /api/admin/suspicious-activity - Reason: RATE_LIMIT_EXCEEDED
2026-01-31T23:43:50.850Z - SUSPICIOUS: ::1 -> /api/admin/suspicious-activity - Reason: RATE_LIMIT_EXCEEDED
2026-01-31T23:43:51.063Z - SUSPICIOUS: ::1 -> /api/admin/suspicious-activity - Reason: RATE_LIMIT_EXCEEDED
2026-01-31T23:43:51.307Z - SUSPICIOUS: ::1 -> /api/admin/suspicious-activity - Reason: RATE_LIMIT_EXCEEDED
2026-01-31T23:43:51.563Z - SUSPICIOUS: ::1 -> /api/admin/suspicious-activity - Reason: RATE_LIMIT_EXCEEDED
2026-01-31T23:43:51.701Z - SUSPICIOUS: ::1 -> /api/admin/suspicious-activity - Reason: RATE_LIMIT_EXCEEDED
2026-01-31T23:43:52.030Z - SUSPICIOUS: ::1 -> /api/admin/suspicious-activity - Reason: RATE_LIMIT_EXCEEDED
2026-01-31T23:43:52.291Z - SUSPICIOUS: ::1 -> /api/admin/suspicious-activity - Reason: RATE_LIMIT_EXCEEDED
2026-01-31T23:43:52.495Z - SUSPICIOUS: ::1 -> /api/admin/suspicious-activity - Reason: RATE_LIMIT_EXCEEDED
2026-01-31T23:43:52.785Z - SUSPICIOUS: ::1 -> /api/admin/suspicious-activity - Reason: RATE_LIMIT_EXCEEDED
2026-01-31T23:43:52.927Z - SUSPICIOUS: ::1 -> /api/admin/suspicious-activity - Reason: RATE_LIMIT_EXCEEDED
2026-01-31T23:43:54.282Z - SUSPICIOUS: ::1 -> /api/admin/suspicious-activity - Reason: RATE_LIMIT_EXCEEDED
2026-01-31T23:43:54.508Z - SUSPICIOUS: ::1 -> /api/admin/suspicious-activity - Reason: RATE_LIMIT_EXCEEDED
2026-01-31T23:43:54.784Z - SUSPICIOUS: ::1 -> /api/admin/suspicious-activity - Reason: RATE_LIMIT_EXCEEDED
2026-01-31T23:43:54.866Z - SUSPICIOUS: ::1 -> /api/admin/log-request - Reason: RATE_LIMIT_EXCEEDED
2026-01-31T23:43:55.043Z - SUSPICIOUS: ::1 -> /api/admin/log-request - Reason: RATE_LIMIT_EXCEEDED
2026-01-31T23:43:54.995Z - SUSPICIOUS: ::1 -> /api/admin/suspicious-activity - Reason: RATE_LIMIT_EXCEEDED
2026-01-31T23:43:55.163Z - SUSPICIOUS: ::1 -> /api/admin/suspicious-activity - Reason: RATE_LIMIT_EXCEEDED
2026-01-31T23:43:55.532Z - SUSPICIOUS: ::1 -> /api/admin/suspicious-activity - Reason: RATE_LIMIT_EXCEEDED
2026-01-31T23:43:56.023Z - SUSPICIOUS: ::1 -> /api/admin/suspicious-activity - Reason: RATE_LIMIT_EXCEEDED
2026-01-31T23:43:57.139Z - SUSPICIOUS: ::1 -> /api/admin/suspicious-activity - Reason: RATE_LIMIT_EXCEEDED
2026-01-31T23:43:56.925Z - SUSPICIOUS: ::1 -> /api/admin/suspicious-activity - Reason: RATE_LIMIT_EXCEEDED
2026-01-31T23:43:58.094Z - SUSPICIOUS: ::1 -> /api/admin/suspicious-activity - Reason: RATE_LIMIT_EXCEEDED
2026-01-31T23:43:59.588Z - SUSPICIOUS: ::1 -> /api/admin/suspicious-activity - Reason: RATE_LIMIT_EXCEEDED
